bus_id,weight
0,0.00045184167747351324
1,0.00027290122187276206
2,8.278304156155126e-05
3,0.0007030315495674646
4,0.00018920054317338406
5,0.0004869946607532456
6,0.00022769905534881049
7,0.0009622817541830632
8,0.00011965054427943579
9,0.0007504276631796026
10,0.0007835010563558978
11,0.0006730404955307287
12,0.0010442230757390263
13,0.0008525049035457567
14,0.00021918748906926333
15,0.0001673171667001345
16,0.00039229344740536416
17,0.0007658159123192331
18,0.0009021154760321581
19,0.0004451737972651154
20,3.8442010754914824e-05
21,0.0007124363022949303
22,0.00022500812730580545
23,0.0005953568462702783
24,0.000520142858470372
25,0.0006859032908744249
26,0.001038881628498163
27,0.0008845640712953076
28,0.0010378232828335819
29,0.0004464668437577577
30,0.00017101411347179393
31,0.0003759413295567559
32,0.00013966182368744032
33,0.0004453809110903354
34,0.00011260408234148871
35,0.0007779891424080332
36,0.0007116865195320241
37,0.0006452385825606313
38,0.0009745073490529672
39,0.0007094149067724371
40,0.0003465908123109087
41,0.000782229152799206
42,0.00032291700379069485
43,6.514366888284283e-05
44,0.000893368217409728
45,5.9477332030419137e-05
46,0.0010251651566028576
47,0.00029847061159476393
48,0.0004750838163787083
49,0.00015044568672336855
50,0.00019252911663990237
51,0.0001102362052191509
52,0.00035059450129335174
53,0.0008293271579696568
54,0.0008337304503662034
55,0.0006020730112017282
56,0.0006587099429479496
57,0.0007156838303710029
58,0.0005284660088901566
59,0.0001909672785694145
60,0.00017766898411012574
61,0.0006194509549126448
62,0.0009425536755037008
63,0.0008466139556247326
64,0.0003324614451048145
65,0.0001783183063436433
66,0.0004423580848790898
67,0.0006712476689455982
68,0.00023264284719183285
69,0.00021770480869146534
70,0.0004137517281211216
71,0.000986014525240732
72,0.00014273879043924986
73,0.00047827814933618535
74,0.00034288320602824355
75,0.00015525085917521915
76,0.001013721238168349
77,0.0005493407308254908
78,0.0005681794171552406
79,0.0006422705553400418
80,0.0002989590718938787
81,0.000373130780039541
82,0.00036814753189213405
83,0.00027257105568582156
84,4.442127668066382e-05
85,0.00022020790611291732
86,0.0001366472502807753
87,0.0007179126399924825
88,0.0007094526909688283
89,0.00010466769891321649
90,0.0006201501490133449
91,0.00045395020986719556
92,9.427454842475022e-05
93,0.00024103226157465242
94,0.0010308078821471543
95,0.0009460054018080289
96,0.0010320785647980034
97,2.023871519548977e-05
98,0.0009035850835272429
99,0.0003050666835678132
100,0.0005970323640338652
101,0.0006254660063149818
102,0.00013723978335399508
103,7.366993139591724e-05
104,0.0006927141028888608
105,0.0008194944331521331
106,0.000600393630046384
107,0.0009676112264381335
108,4.1512761937239815e-05
109,0.0004803988137962582
110,0.0008718680947405333
111,0.0008354615399234557
112,0.0008434912851587159
113,0.0009715836311235839
114,0.0002688526992991268
115,6.262948717556362e-05
116,0.0004267539822124749
117,0.0009920447299356198
118,0.00014448816826776953
119,0.0007325680860504388
120,0.0008892512252612352
121,5.6113629192089605e-06
122,0.0004046585386563565
123,0.00013753349533316653
124,0.0005457891825484299
125,0.0009271863641482717
126,0.0006188157478168814
127,0.0007696199147905054
128,0.0006686976446745172
129,0.0002303431414202604
130,0.0007144683045168201
131,0.0009171661806356726
132,0.0009492523044451928
133,0.0002720966851686107
134,0.0004453049937781543
135,0.00010222549304381917
136,0.00011373987954580104
137,0.00037345098796023424
138,0.00048570654782368396
139,6.0392828437325407e-05
140,0.0006252436455898383
141,0.00020294008257709027
142,0.0009140284753606879
143,4.185742967709479e-05
144,0.00044844323275602753
145,0.0009688109758344538
146,0.0009437654582552339
147,0.00034594924163444283
148,0.00043753209823287254
149,0.0002483546140551715
150,0.0008070337928767573
151,0.0006906516212200656
152,0.000745379160507146
153,0.0005214588524773873
154,0.0007324651822475531
155,0.0009087884278762024
156,0.0006992940318703813
157,0.0002886691764083454
158,0.0008638182890324185
159,0.0005506159461504788
160,0.0008153547828174947
161,0.00034681960035460777
162,0.0007619468250574269
163,0.0009011169064594966
164,0.0005748461616763599
165,0.0010472196592561098
166,0.0008444716622811696
167,0.00010650692594757609
168,0.0009480801289119357
169,0.0006493947101640777
170,0.0008293012366594279
171,0.0008015743185580919
172,0.00048314147038346875
173,0.0003010248642289346
174,0.0004960057661531011
175,0.001023802506268045
176,0.0006082431333686132
177,0.0007173354124205308
178,0.00042360600557429215
179,0.000570771669285498
180,0.000405526118032967
181,0.0007978287723349539
182,0.000692226997532532
183,0.00029042407508425415
184,0.00039535008783298274
185,0.0006411370203972213
186,0.000517795256941003
187,0.00010505121866367668
188,0.0007576637906980122
189,0.0009165897412572208
190,0.0008895635328997575
191,0.0008963201737015227
192,0.0007789029459009244
193,0.0007211981633287915
194,0.000818624192807611
195,0.00047904942110167583
196,0.000995316976124142
197,2.9847839005754612e-05
198,0.0003811926500154134
199,0.0006992940496103819
200,0.0006022715237956808
201,0.0009259203935287774
202,0.00042628072756345964
203,0.00020662001807360072
204,5.003504990873354e-05
205,0.000788731482323369
206,0.0009412399874503605
207,0.000866471934620283
208,0.0004437315014720812
209,0.000549269961587077
210,0.00010558188307647238
211,0.0008572762348316605
212,0.0005300045604952632
213,0.0005819427730777409
214,0.00042354603962054563
215,0.0006080665506791216
216,0.0007682599128002321
217,0.0008828260679301102
218,0.0006487825262943906
219,0.0006932298268765083
220,0.0009461630160696008
221,9.237268428703469e-05
222,0.00015226929040095463
223,0.0010350383800499007
224,0.0010347300990766726
225,0.0008914452513334356
226,0.0005163485697294287
227,0.0006535853437112022
228,0.0004611625707820409
229,0.0007043651050387018
230,0.00021728521064521528
231,0.0007012556446754787
232,0.0007305507687206904
233,0.0008896513011011194
234,0.00025066609463827316
235,0.0007042604120528297
236,1.2617078201405739e-05
237,2.91478351437263e-05
238,0.00047614365306676505
239,1.2108527741157844e-05
240,0.00039806198344698727
241,0.00010623748674777641
242,0.0007047083555579281
243,0.0003636642928271347
244,0.0006330069725862013
245,0.0009732489189817602
246,0.000615238156804986
247,0.0010020683101321665
248,0.000574996160122312
249,5.89228351973027e-05
250,0.0010147720398355439
251,7.223397313542149e-05
252,0.0001801437884353374
253,0.00014122641602389873
254,0.0009259589133166448
255,0.0005483937486164309
256,0.0009278825454761814
257,0.00028214096470561656
258,0.0008635662175251665
259,0.00040330639684887557
260,0.0008306933563430307
261,0.0007596729772125529
262,0.0009945332424091964
263,0.0009457690914701387
264,0.00011050319084441828
265,0.000356295639041786
266,0.0008556509220510734
267,0.0004069802530975003
268,0.0009197776616091873
269,0.00047927733857545095
270,0.0005475607656903262
271,0.00044866101498803685
272,0.00035958188836249835
273,0.00045365326872492365
274,0.0006878109227947666
275,0.0006268327392121576
276,0.000426554057602847
277,0.0009639877486673569
278,0.0008485442080631356
279,0.0008360297455230533
280,0.0007413001109199904
281,0.00022578744569483065
282,0.0008038689562283626
283,5.0164599930180576e-05
284,0.00035694372778057715
285,0.0010444348411255745
286,0.0005084913504401821
287,0.0005821188447325787
288,3.299678981581458e-05
289,0.0002848671144443014
290,0.0004871917206174682
291,0.00036155642350740977
292,0.00071675207625399
293,0.00014333678339616362
294,0.00035310453839042813
295,0.0006444635708088039
296,9.447373203545183e-05
297,0.000969291084786348
298,0.0003057947428885002
299,0.0003980351285013822
300,3.3058766317071174e-05
301,0.0002456770117918183
302,0.0003459680317197463
303,0.0005729000485831044
304,0.00017969010960178558
305,0.0007632414992192704
306,0.0008640270512560288
307,0.0005466671440561506
308,0.00020419605990586336
309,0.0007769092472358193
310,0.0007721848027749933
311,0.0008871513586315023
312,0.0007462263193828626
313,0.00034310596538799005
314,0.000773630844057083
315,0.00031550076169451646
316,8.959658078330223e-05
317,3.245774553693164e-06
318,0.00022269761484575712
319,0.0006805902502817104
320,0.0008880783255953846
321,0.0008134804242954157
322,0.0005070508928164659
323,0.00013584015208660313
324,5.2518060771717913e-05
325,1.8444075348869276e-05
326,0.00020884336018743823
327,0.0005288914123820088
328,0.0009392174663540633
329,0.000886486132519408
330,0.000140174376350355
331,8.901147538506288e-05
332,0.0005028544559710084
333,0.00020267933440368607
334,0.0006913408996126611
335,0.0009586353743455555
336,0.0008123567690973641
337,0.0007290939608185515
338,0.00016277984325364697
339,0.0006751533964155233
340,0.0005584467030288153
341,0.000748053958240284
342,6.396512706270434e-05
343,0.0006238203331469936
344,0.0006896412191021585
345,0.0007028931042515953
346,0.00011255461261738182
347,0.0005561362021514985
348,0.0006993851389495917
349,0.00038033652618361545
350,0.0006009787583793233
351,0.0005017305348870452
352,0.0008554379000450913
353,0.00040761063160173124
354,0.00017759655764201484
355,0.0006893682267895657
356,1.818139476112594e-05
357,3.477211321503799e-05
358,0.0004059945415091129
359,0.0002726581742478981
360,0.0010077650627352813
361,0.0010406804226067937
362,0.00019084148911243659
363,0.0004818934114351443
364,2.6209967528936542e-05
365,0.0006976491446518615
366,0.0010079304257755303
367,0.0006616167229198457
368,0.00035643503392615014
369,0.0006302675733562713
370,0.0007432079932730316
371,0.0006479809980536539
372,0.0005768268841585549
373,0.0004113072942398349
374,0.00013955391230483058
375,2.487391973817113e-05
376,0.00027793054221042734
377,0.00035241043210161723
378,0.00018078067556233455
379,9.002615258459643e-05
380,0.000944938357757204
381,0.0006294976434030222
382,9.470234500845222e-05
383,0.0007914485052376447
384,0.0007925867267780435
385,0.0008204455967932913
386,0.00038282643539297575
387,0.0007151554047401319
388,0.0006911493176816302
389,0.00046700803654949166
390,0.0003761813518410605
391,0.0008059389463485698
392,0.0008702816347143686
393,0.00013977537293048724
394,0.0005071798294874167
395,0.0009889067225648932
396,0.00043086543607503915
397,0.00035091945811932784
398,5.246264695332131e-06
399,0.0006452700590071657
400,0.00041571278827775117
401,0.00023445470891517747
402,4.017725047784149e-05
403,0.0002626334160345441
404,0.00033237305629411207
405,7.255064831402204e-05
406,0.0003742396427167212
407,0.00014531907927050315
408,0.0008953689904319244
409,0.0004030649403348643
410,7.0571627809723405e-06
411,0.0006274837959360086
412,0.00022198675530016724
413,0.000552474112198838
414,0.00022924282210249773
415,0.00022121090778009163
416,0.00026176238317043236
417,0.0005744403206278783
418,0.0004404337538803176
419,0.00033440715580873283
420,0.000981148793783578
421,4.384931711269001e-05
422,0.00019133004515665627
423,0.0007151712360131181
424,0.0005633387824099065
425,0.0003235801209830797
426,0.0008530993326549348
427,0.00039711253210016826
428,0.0005836277851928258
429,0.0009294760952870092
430,0.00018494659395436886
431,0.0007508119937349817
432,0.0001787554362780481
433,0.0008327997733317659
434,0.00042802870599928134
435,0.0006416344506098372
436,3.717208671600613e-05
437,0.0005800938360901711
438,0.00028705121749248054
439,0.0007558198885444407
440,0.0006544833804209913
441,0.0003144928641694031
442,0.0001517269386776997
443,0.0006864621863494439
444,0.00027423980124966624
445,0.0008205328410157083
446,0.0005413116155987568
447,0.0009904486550854586
448,0.0010247072619174885
449,0.0006527165713738761
450,0.00015426529819403267
451,0.00016046888731030516
452,0.0006630341017729109
453,7.233442652107817e-05
454,0.0003578185434594465
455,0.0008676956513655118
456,0.00042503632683659685
457,0.0001732246990151717
458,0.00026992526537763536
459,8.122515493050835e-05
460,0.0008582788350351099
461,0.00012790663551467775
462,0.00020361607088725274
463,0.0005489183645048779
464,0.0003763324697407721
465,0.0003873497826313621
466,0.0007079612651341193
467,0.0006027337073836854
468,0.0009755371415636464
469,0.00020909198226456494
470,0.0001333167914896749
471,0.0008792870470738853
472,0.000865894221564738
473,0.0009462428275812413
474,0.0010158750525218016
475,0.00045068037186021934
476,0.0009091979646486681
477,9.961200867429157e-05
478,0.00033900937461973837
479,0.001029354446800601
480,0.00030879445566931807
481,0.0007678295822380957
482,0.0001755995923110172
483,0.0009585053330740358
484,0.0002599885061999957
485,0.0005342648641487051
486,0.0004072949915386349
487,0.000565577326881536
488,0.0008139035230540342
489,0.0001892592732219401
490,0.0006541871029040952
491,0.0005720255789699799
492,0.0006020056497116696
493,0.00018935122805078698
494,0.0005485439901357039
495,0.0009740251617177813
496,0.0009670218989726767
497,0.0002005702200017053
498,0.00023975508009064196
499,0.0008708491922816322
500,0.0009864140658482178
501,2.646178059479955e-05
502,0.0003060565517345727
503,0.00018449888792959848
504,0.000788583381320191
505,0.0008165004234966283
506,0.0002460001346506405
507,0.00031968789193639175
508,0.0003772102959190801
509,0.0008460283119642753
510,0.0009513107684478782
511,0.0009174701798816145
512,0.0010389657967564477
513,0.0010049504984530968
514,0.0007970962048562538
515,0.0007554488220001905
516,0.0009073474442128083
517,0.0009045951186945366
518,0.00032740030172303354
519,0.0005175678744681728
520,0.0006596185065083557
521,5.4736165535693604e-05
522,0.00038500702339261243
523,0.0007419821443989814
524,0.00103484793758295
525,2.675224584850146e-05
526,0.0007376699865357354
527,0.0009401225135363647
528,0.0007455307152963909
529,0.000914839917993905
530,8.701408135897962e-05
531,0.0006134723377513193
532,0.0001813980891962248
533,0.0003105291971799807
534,0.0009969662774153472
535,0.0008508887055028078
536,0.0006405239493755884
537,0.0010260924582997525
538,0.00014200071351470344
539,0.0005773616857980618
540,0.0006738921473811166
541,0.0008222432624553094
542,0.00032861333698391593
543,0.00034489063135048636
544,0.0003981315977713188
545,0.0008717144263599189
546,0.0009637305900286797
547,0.00043932536236951917
548,0.0006927562933779432
549,0.0010124118608700625
550,0.0005331172676982037
551,0.0002564252101788468
552,0.00042116322759259663
553,4.0250253916678904e-05
554,0.0007582585596607567
555,0.0005750103846153215
556,8.944702707472776e-07
557,0.00010998243521875316
558,0.000978214131549616
559,0.00046648860308362523
560,0.0003594467019035907
561,0.00017650220772204934
562,0.00035508922274299213
563,0.0007323951077252107
564,0.0009263030710716968
565,0.0005362957087798114
566,0.0006576511605197043
567,0.0005254109999441702
568,0.0008615658980397307
569,0.0003940712143430493
570,0.0007992164943998988
571,0.0005625488116963824
572,0.0004949664158899889
573,0.001047497616362645
574,0.0010378161007160022
575,0.0007049424258917904
576,0.0009081725398450572
577,0.000793369961514962
578,0.0005686719245483076
579,0.0004531386862950103
580,0.0003141385871094899
581,0.0003687848054541026
582,0.000937508034352563
583,0.0004934153796286019
584,0.00027706213466983806
585,0.00040831007593543616
586,0.0007013795116679743
587,0.00022221778434030454
588,0.0004212448142135783
589,0.0008087762199013646
590,2.8391202357764324e-05
591,0.0007647953113784365
592,0.0006256405797121601
593,0.0008509531247442319
594,0.0006822917956941908
595,6.650628581161715e-05
596,0.00015131987952309947
597,0.0006883928169597656
598,0.0002630523437361915
599,0.0005623285285021691
600,0.00024377721986964667
601,0.0007763518585636017
602,0.00040827267845731637
603,0.0007354407675691103
604,0.00026737358288597197
605,0.0008948511731934183
606,3.906686840754539e-05
607,0.0007377678687401189
608,0.0009065947541777078
609,1.422178100710515e-05
610,0.0005462839616155478
611,0.000534984213430221
612,7.419359477034783e-05
613,0.0006448777155790478
614,0.00029600251559540043
615,0.00019363892715595774
616,0.000724514754798996
617,0.0007062245889050029
618,0.0005276281044935064
619,6.311603643199462e-05
620,0.0009427845555120736
621,5.768348952097074e-05
622,0.000303012685604851
623,0.00026229946995752517
624,0.00030189024456760496
625,0.0008314920607216353
626,0.0001951023707987223
627,0.00018848502944963873
628,0.0007679002774174541
629,0.0009214641359766658
630,0.0006844073426646709
631,0.0005939265062255291
632,0.0009113959465759997
633,0.0008182061858129239
634,9.960427832859706e-05
635,0.0008391178788409973
636,5.56566367844576e-05
637,0.0009969843440606704
638,0.0004750803832580106
639,0.0010240696766528657
640,0.00025385233856364445
641,0.0005588546731755277
642,5.646846848503044e-05
643,0.00095309147843161
644,0.00013507610202552912
645,0.000789558962593997
646,0.0009085661447524828
647,0.0005903123281996466
648,9.503889146990214e-06
649,0.00010190345453523644
650,0.00039431749386280654
651,1.055620637279655e-05
652,0.00048118525575380623
653,0.000487571198226621
654,0.00016103734938276775
655,0.0006097572049692785
656,9.231445714649627e-05
657,0.00020429629341775924
658,1.7385323696910436e-05
659,0.0008167206914846246
660,0.00039228865645157254
661,0.0009804715575274401
662,0.000607742940970121
663,0.0007258805804521308
664,0.0005933825014633691
665,0.0003148700246507896
666,0.0008033465359801083
667,0.00020244177857633706
668,0.0005284692048502411
669,8.173334136813843e-05
670,0.00026762216933163245
671,0.00010710883167743847
672,0.0002666769886900768
673,9.748131056846501e-05
674,0.00023956184907730714
675,0.0007081497126241043
676,0.0004927379551309362
677,0.0006778392979168807
678,0.0006875705545289524
679,0.0006291592332676843
680,0.0007983159577111574
681,0.000925389178280035
682,0.0009946521513498913
683,0.0002871445040563803
684,0.0007673246285853727
685,0.0005717633146392005
686,0.000989791522586378
687,0.0007799435300155837
688,0.0010005120470889602
689,0.0002053831306236872
690,0.00019685912172037992
691,2.967314468099466e-05
692,0.00015438724212569414
693,0.0004990127717122545
694,0.0008585219530304548
695,0.000977928458832388
696,0.0006793972150873737
697,0.0008600286391695307
698,0.0007358276307264638
699,0.0001106931524080822
700,0.0006570394506102506
701,0.0008884729754689997
702,0.0007333546498409194
703,0.0008534604987794657
704,0.0002930535678463792
705,2.983716595600318e-05
706,1.2930574941375331e-05
707,0.00024006583436063695
708,0.0006666998031087098
709,0.00012857042378260422
710,0.00018282009551387422
711,4.336196797196622e-05
712,0.0003357072649516446
713,0.0008234617468015298
714,0.0007937407789976026
715,8.672712149053013e-05
716,0.0008816561428765693
717,0.0009137144765123618
718,0.0008593507135291665
719,0.0003904479714306899
720,0.0009626644176905818
721,0.0005387152606683034
722,0.0003585470786156707
723,0.0009415707597909029
724,0.000753409700127302
725,0.00040193854628227084
726,0.000818454531556481
727,0.0008304535426270299
728,0.0005259708701482201
729,7.095540673944504e-05
730,0.0010090321063756927
731,0.0008792283769130727
732,0.00047469139327245677
733,0.0008763839477222618
734,0.0002695803846986746
735,0.0008707496217077111
736,0.0007419777610106975
737,6.873434292263336e-05
738,0.00037947941938905317
739,0.00094300619057332
740,0.0010249002492612057
741,0.0007907746094756976
742,0.0005607457738298355
743,0.000320306123901792
744,4.518174780062172e-05
745,0.00034995189127584895
746,0.0008879219322549648
747,0.00040565804084856106
748,0.0001800815370323977
749,0.0003462248236532205
750,0.000787181173380369
751,0.0003202358980063041
752,0.0006430425921658275
753,0.0004873484937815307
754,0.0005950380792803446
755,0.0004271816968837238
756,0.00047417777674819907
757,0.0008402705633817944
758,0.0007729727328196603
759,0.00026188976850899875
760,9.747067453143097e-05
761,0.0009412235657429147
762,0.0004680116670043716
763,0.0002793353831159678
764,0.00012453721042945842
765,0.0009490506518287916
766,0.0004101831050084456
767,0.0005819909618543311
768,0.0006964694473707097
769,0.0005173205320010471
770,0.00034072271329241673
771,0.0008786675244786692
772,0.0004187064910845345
773,0.0005508917978188732
774,0.0008456422304040429
775,9.178407993934857e-05
776,0.0002749512589286057
777,0.0007529206143946383
778,0.00019456750659653773
779,7.475821617240786e-05
780,0.0003029010604351299
781,7.079559334629843e-05
782,0.0003541758597667674
783,2.200198193225957e-05
784,0.0008608850430825057
785,1.2792723079938104e-05
786,0.0007546825791750201
787,0.00020727729233576515
788,0.0005517486689196271
789,4.717938398037949e-05
790,0.0008102987834510554
791,0.0008759617625894089
792,0.000636940511090803
793,3.551966077933669e-05
794,0.00036526736942899614
795,0.0009903651175936787
796,5.100479185612866e-05
797,0.0003258840942239231
798,0.0005747314457101299
799,0.0005230319956610447
800,0.00019181680193335212
801,0.00083357252852041
802,6.200795478877229e-05
803,0.00047849475962422197
804,0.00048050792651431685
805,0.00017980837492089066
806,0.0005473446996764347
807,0.0007024724124984515
808,0.0005722573846945802
809,0.0005112837187539194
810,0.000989062283428888
811,0.0002921227317579029
812,0.0007486783280439799
813,0.0004088176908882188
814,0.0006009981329255686
815,0.0007374849244615189
816,0.0005424618819004314
817,0.0004215343485880604
818,0.0005315305998858009
819,0.00013146405548207044
820,0.00017474206794564943
821,0.0010394000850069084
822,0.00024950159375738246
823,0.000991676572157711
824,0.0002658357828836539
825,0.0002137974595549583
826,0.0009522135787080166
827,0.0006171979869446641
828,0.0005557003521918944
829,0.0007016418808448425
830,0.00016013807144190018
831,0.00043687199026843434
832,0.0008741683988454501
833,0.0009031125601704275
834,0.0008633022303620274
835,0.0005273744645624459
836,0.0001892654666661468
837,9.574858510148165e-05
838,0.0006452895425655888
839,0.00026673451658421575
840,0.00034918979992809384
841,0.0003576612880676704
842,0.0005552405586490987
843,0.0010002082620054955
844,0.0005351911072856005
845,0.00036325217822445315
846,0.0008366902637145766
847,0.0007319204065572289
848,0.0005384591801557733
849,0.0003856414688658234
850,0.0006306113363067141
851,0.0009794097191334445
852,0.000974338953390851
853,0.0007855967214527826
854,0.0006524231261275124
855,5.6573632253140496e-05
856,0.0003018556326526585
857,0.0006427567427245503
858,0.0007185119504349482
859,0.0006363411966641379
860,4.5203262773779536e-05
861,0.0002770354004855459
862,0.0004594193630885901
863,0.0009662066188637924
864,0.0009265939520187349
865,0.0001767098261624981
866,0.0010449848609224198
867,0.0009718677519460504
868,0.00041717165140832554
869,0.0008079115542288846
870,0.0003210852608978813
871,0.00033754969767079665
872,0.0003883772049246914
873,0.0004354871893344434
874,0.00047153481584247736
875,0.0010326402581942904
876,0.0007152925081703296
877,1.997886589167168e-05
878,6.590737261967375e-05
879,0.0001748846996494901
880,0.0010067950977048126
881,0.00032688444857747784
882,0.0004634155669550384
883,0.00027128175340542166
884,0.0006952830174992646
885,0.0005575376201148116
886,0.0008464117448044021
887,0.0002797986699445664
888,0.0008751586661734516
889,0.0005032680531429411
890,0.00018137132669457474
891,0.000589880434843353
892,0.0007121950598043625
893,0.0006893741525330632
894,0.0005406192293453438
895,0.0005392851476167278
896,0.0003485863725047657
897,0.0005512760595053679
898,0.000680039591816744
899,7.431121925408238e-05
900,0.0005688108588348513
901,3.053601117062858e-05
902,0.00015824698825781314
903,7.061980664517452e-05
904,0.00031007747280295864
905,5.398637832740889e-05
906,0.00040488659591582615
907,0.00035358756978513155
908,1.9708381433233172e-05
909,0.0009296793859163551
910,2.7823627056956545e-05
911,0.00034679486226351313
912,0.00024889928711993765
913,0.000480291254097343
914,0.00018612817510760003
915,0.0008872847365640412
916,0.0004672752574852574
917,0.0009952762608859335
918,0.0008354717347987969
919,0.0002201688864897328
920,0.0003784017856143701
921,0.000636746369746818
922,0.0008615563336332326
923,0.0007226678337892154
924,0.0008329170085690991
925,0.0010026596562327478
926,0.00048413715314890354
927,0.00038987878581146817
928,0.0007376313312313035
929,0.0007058451139824276
930,0.00032323028444992166
931,0.0005099604035853605
932,0.00036100875404706395
933,4.019500213136083e-05
934,0.0008094901474105827
935,0.0009284954086589497
936,0.0005337863796463491
937,0.0005258326328815593
938,0.0002784584672873152
942,0.0007900672811012083
943,0.0010018988787423152
944,0.0008334426053884211
945,0.0007702525971168866
946,0.00015804569414444472
947,0.0007280090139579065
948,0.0004755300626522104
949,0.00015703199175820168
950,0.0008979757088267363
951,2.7152059552629016e-05
952,0.0004801977068708391
953,0.0005839356180086194
954,0.00042602214623017925
955,0.00037191076486467115
956,0.0009733470390687728
957,0.0009447157894917316
958,0.0006301100120362672
959,0.000863449223080171
960,0.000554882897408418
961,0.00021741284809097575
962,1.9838776501644128e-05
963,0.0005993489051764273
964,0.0007197379939089016
965,0.00042294193606180606
966,0.0001880239108606494
967,0.0009567823644501331
968,0.00012993807825435665
969,0.00017016527128575274
970,0.001034288787152796
971,0.0004125571088458437
972,4.954377282289995e-05
973,0.0007958915434382549
974,0.0009332891429936608
975,0.00019137135909048504
976,0.0007039085518920639
977,0.000569298008653534
978,1.432542368682469e-06
979,0.0009553131471751155
980,0.000533496395929077
981,0.00040799505763426056
982,0.0007646087801965111
983,0.0007532594635655208
984,0.0004413279544677781
985,0.0003363126740347436
986,0.0004195267764172297
987,0.0006462097623103681
988,0.0004012852608185549
989,0.0002900482431108474
990,0.0009399094152387652
991,0.00011776320380378917
992,0.0004429216803461642
993,0.0002551409532448945
994,0.0007995786658258146
995,0.00017959735763248844
996,0.000666110446498887
997,0.0005301675880583071
998,0.0005579429766238881
999,0.0008215970330824583
1000,0.0009084028127730317
1001,0.00015155852230021392
1002,0.0010450525220846484
1003,0.00013561063147514042
1004,3.6249743637224916e-05
1005,0.001019655920970794
1006,0.0008561136795871544
1007,0.0010024829142793973
1008,0.0009422194737256698
1009,0.00028795320710655383
1010,0.0009171967976748131
1011,0.0004195697521726381
1012,0.0005867933890178919
1013,0.0006092323141610084
1014,0.0008810493042203858
1015,0.00032639744594970904
1016,0.0006277665716339812
1017,0.000729790443072662
1018,0.0004729551122514096
1019,9.386709833961106e-05
1020,0.0006637691729770578
1021,0.0008369302966661184
1022,0.0005964932187969745
1023,0.0009929504593864456
1024,0.0005499163766221106
1025,0.0004880814879401888
1026,0.0003921108519362179
1027,0.0003992750460288765
1028,4.450610393773128e-05
1029,0.0004763136993671084
1030,0.00044310489801097205
1031,0.0007582658998461634
1032,0.0009070016514076956
1033,0.00016926454142025682
1034,0.0001013134031126726
1035,0.0006482571460383934
1036,0.00016170993071325162
1037,0.0006168000274453115
1038,0.00018076126035553814
1039,9.62585151550618e-05
1040,0.0002445767247479543
1041,0.0008768448172426539
1042,0.0008260950230328414
1043,0.00036438071554430537
1044,0.0002731462841722767
1045,0.0006652190475512281
1046,0.000690932820899643
1047,6.736404791246662e-05
1048,0.0010077202690784333
1049,0.00039283628574945007
1050,0.0003431754871187985
1051,0.0009707738835888791
1052,0.0005802287717551055
1053,0.00028790892229326836
1054,0.0003778200516305311
1055,0.00032809894499750915
1056,0.0003462182004817714
1057,5.829745512594766e-05
1058,0.0004967501349919981
1059,0.00023949661702649195
1060,0.0010180146721738331
1061,0.0008323683717380745
1062,0.0008721146239131668
1063,0.0001712941722859417
1064,0.00045741150247832464
1065,0.0002512077307816644
1066,0.00042552649601007125
1067,0.00029418023497756573
1068,9.112096671639958e-05
1069,0.0002003458374719874
1070,0.0006580708135445953
1071,0.0008460619985259536
1072,2.2026013274268944e-05
1073,0.00017935102561021304
1074,7.438813815285876e-05
1075,0.00047303365439190317
1076,0.0001878390373642475
1077,0.0009980957726486363
1078,0.00092627556684888
1079,0.0006131117148805111
1080,0.0010056698102804777
1081,0.00015329146003633352
1082,0.0009126214909288703
1083,0.0006624696894526395
1084,0.00041576944807122685
1085,0.0008860261636872961
1086,0.00013595023725765292
1087,0.0008903815820760299
1088,0.0008112647063141563
1089,0.00033372439987598826
1090,0.0004375282611904426
1091,0.000539933626138362
1092,0.0005903972117262167
1093,0.0002178468199931213
1094,0.0003903821080060043
1095,0.0006029090502088218
1096,8.317561044301317e-05
1097,9.570316798724411e-05
1098,0.0005850450129822922
1099,0.0008459648551670088
1100,0.0010004138376801207
1101,0.00040454053226311336
1102,0.0007222280614647503
1103,0.0008523509077017004
1104,0.00013203652678769952
1105,0.0005768403192728152
1106,0.0006472989539697619
1107,0.00014207350742310835
1108,0.0008915800440471114
1109,0.0003985850537981711
1110,0.0004083779980546641
1111,0.0006515003871828391
1112,0.00030642799505641873
1113,0.000830424861900321
1114,0.0008527540499212209
1115,0.0010011336794046896
1116,0.00035141558413718556
1117,0.0003402995567281438
1118,0.00103831325069917
1119,0.0005768440398450598
1120,0.0008630323632969467
1121,0.00039386280522588844
1122,0.0008167782188893495
1123,0.0005203498093103798
1124,0.00024430930499624707
1125,0.0008711372528933671
1126,0.0007730371191800947
1127,0.0004295831638082517
1128,0.0002913493365057687
1129,0.0004067961811182518
1130,2.4047000385558002e-05
1131,0.0007204747258399882
1132,0.0004850702756104613
1133,0.00023691471318080073
1134,0.0008681413224007666
1135,0.0007749366821072216
1136,0.0009049029364053359
1137,0.000351495917025846
1138,0.00027834628784016165
1139,0.0005789908568184349
1140,0.0004284835236019321
1141,0.00014076029804487654
1142,0.000993690210858135
1143,0.000284436070731577
1144,0.000587641150937501
1145,0.0004784706587228216
1146,0.001017918791555505
1147,7.393727719108944e-05
1148,0.0009728513018240392
1149,0.000343317940459752
1150,0.0010179056478794842
1151,0.0008738513048762462
1152,0.000654292654324338
1153,0.0009558804666935662
1154,0.0005803939249092607
1155,0.0002638026292668103
1156,0.0003710877843527354
1157,0.0005832265840544221
1158,0.0007934472916217847
1159,0.0008174632039976744
1160,0.0002608407484299803
1161,0.00048370857498246915
1162,2.305335778171819e-05
1163,0.0006279097108257911
1164,0.00018176823808020845
1165,9.219616148330574e-07
1166,0.00038716078753875974
1167,0.0003582766283614209
1168,0.0009252212443564252
1169,0.0002778695633102116
1170,0.0010374133623897732
1171,0.0002716685077727464
1172,0.0007934182867243799
1173,0.0008828006389683355
1174,0.000338479865593054
1175,0.0009889227888394692
1176,1.299455414986601e-05
1177,0.0007089309796006737
1178,0.00023111764998618844
1179,0.0002240672849682791
1180,6.474139848497949e-05
1181,0.00042675138203716775
1182,0.0001251647630016521
1183,0.0005479131073892444
1184,1.4296821820935238e-05
1185,0.0010183594213191835
1186,0.0006903958542183777
1187,0.0008165511966080422
1188,0.0006253188423515077
1189,0.0007527258034191708
1190,0.0005503487723256471
1191,0.00018867074727634
1192,0.0007746312833785304
1193,0.0005569406621562468
1194,0.0005221629684313024
1195,0.00037575260510356006
1196,0.00031105082576901496
1197,0.0006182433863572469
1198,0.000490324518425556
1199,0.0006197023455939681
1200,0.0006756134575555515
1201,0.0008109520052809935
1202,0.0006064435551741775
1203,0.0009466635080650707
1204,0.00022344645653086793
1205,0.0005094676426014613
1206,0.0007657422414525095
1207,0.0004950766689737597
1208,7.594999755803475e-05
1209,0.001034493751848027
1210,0.0008783318774392099
1211,0.00026491638929726486
1212,0.0005120258131430517
1213,0.0007041976916760948
1214,0.00023629737771714896
1215,0.000951014974375648
1216,0.0005635643017594017
1217,0.0005822174803894771
1218,0.0007502707075316862
1219,0.0007576100134091914
1220,0.0009305050740164384
1221,0.000523835130693454
1222,0.0005740561707953536
1223,0.0009841386117767725
1224,0.0009004894246223162
1225,0.0003155234501694006
1226,0.0008915233043119953
1227,0.0006591774124620322
1228,0.0002769027808181819
1229,0.00013386591445630695
1230,0.000503813435617104
1231,0.00031371475333379914
1232,0.0009949675298074744
1233,0.00025159844284201654
1234,0.0003255829330994943
1235,0.0009081014571213409
1236,0.0003225596291713499
1237,0.0007260431676571617
1238,0.00016544543057575196
1239,0.0003750307908032014
1240,0.0005380738049065477
1241,0.00018465335874503868
1242,0.0005961430980365856
1243,0.00043425367051523996
1244,0.00014162602608511974
1245,0.0009298432580492467
1246,0.00011859609903598201
1247,0.0010085392854044257
1248,0.0006844920927107796
1249,0.0007464612539665981
1250,0.00040141857284514167
1251,0.001031297610842815
1252,0.0004646994716245828
1253,4.8812972318467426e-05
1254,7.905446712280992e-05
1255,0.00015049928073008684
1256,4.2495649953044725e-05
1257,0.0005159484493385094
1258,0.0005244565365775739
1259,0.0009466003771153511
1260,0.0003320681603022723
1261,0.000662585664557837
1262,0.00044509991724711937
1263,0.0005066400067476468
1264,0.000901774441872414
1265,0.0005086577724412096
1266,0.0008459113684557557
1267,0.000873762715607851
1268,0.0009189946181868812
1269,0.0007410069336189141
1270,0.0010286160073604295
1271,0.0005134775276847922
1272,0.000987661968348555
1273,0.0007286117117906251
1274,0.00046927704280782026
1275,0.00014471221414852998
1276,0.001034145351966614
1277,0.000574064977767221
1278,0.0010092479803367677
1279,0.0002629355737221847
1280,0.00011937766805137621
1281,0.0006220408288743705
1282,0.0005091134702019698
1283,0.0002951354034618493
1284,0.0008553212427591077
1285,0.0007617711959890664
1286,0.0005635265803715255
1287,0.00020014580107272022
1288,0.0002757437263187848
1289,0.0004504481553211617
1290,0.0008622307863746638
1291,0.0004923600714671026
1292,0.00046404275424302813
1293,0.0010464995363935645
1294,0.00032153014438844515
1295,0.00036270334727065903
1296,0.000912368684809783
1297,0.0006760428629210845
1298,0.0008445019255311975
1299,0.00030930492935310884
1300,6.314906833573255e-05
1301,0.0002002956531709606
1302,0.00043785217796587356
1303,0.0007863528650869678
1304,0.0006026896673381574
1305,0.0006286869524818019
1306,0.0007794910749154911
1307,0.0003306396419736229
1308,0.00020729430639114885
1309,0.00031929165756993804
1310,0.0003627226446397409
1311,0.0005962665452959952
1312,0.00033648103751616446
1313,0.00041559185484123945
1314,0.0006628613452860148
1315,4.1567342431915624e-05
1316,0.00014921579785116736
1317,0.0009816358188969173
1318,0.0003362615916549531
1319,0.0006019822361061004
1320,0.00013733198759356005
1321,0.0003579989996241166
1322,0.001000998732706226
1323,0.00022825413856489055
1324,0.0009303271819945925
1325,0.0002442585540072734
1326,0.000987524576324374
1327,0.0005014217925035545
1328,0.0005261870614076652
1329,0.0007952612822082557
1330,0.0009500793862981608
1331,0.00022852673870562824
1332,0.0009991603173159338
1333,0.0001901437183211003
1334,0.0009790622233138767
1335,0.0010336434239213166
1336,0.000281414837203443
1337,0.0007765933881652858
1338,0.0007700912005227828
1339,1.919528860153654e-05
1340,0.00015958294942798728
1341,0.00019084182485053317
1342,0.0007636642381062311
1343,0.0007135756394521412
1344,0.0009789233689852326
1345,0.0008792692833253197
1346,0.0003517889178079342
1347,0.0008909863527542109
1348,0.0002650940548394774
1349,0.0002383349773194217
1350,0.00023354968309362683
1351,0.0007471326451451689
1352,0.00022955160392392908
1353,7.877078657595724e-06
1354,0.0009374804936837042
1355,9.354135971179039e-05
1356,0.0006085220075356948
1357,0.00047352665954617304
1358,5.9893652270468795e-05
1359,0.0007073596199821163
1360,0.0008023065728128099
1361,0.000874854229224058
1362,0.00016658781959390327
1363,0.00032978979916636826
1364,0.00036618867826393155
1365,2.2197525887429494e-05
1366,3.9454617235480485e-05
1367,8.782824031559373e-05
1368,0.00024327437940259536
1369,0.00057024503992499
1370,0.0004012523665937211
1371,0.00030684946606580665
1372,0.0008723054120178529
1373,0.0005212730008027112
1374,0.0002670865568409233
1375,0.0003683550488639145
1376,0.00012338189772455866
1377,0.0004370930697692495
1378,1.491051028789731e-05
1379,7.344016523204693e-05
1380,0.00013207017415068747
1381,0.0007707495561435815
1382,0.0010496973871783643
1383,0.0008585370810232569
1384,0.0009456366251215665
1385,6.705854394125267e-05
1386,9.412020523071997e-06
1387,0.0008833595567358292
1388,0.0003103349584723024
1389,0.0005490608101482132
1390,0.00014824544822915513
1391,0.00011597870356668066
1392,0.0002470094263216761
1393,0.0005677305209224576
1394,0.00044495106672670247
1395,0.0009356700529894699
1396,0.0009494110879285778
1397,0.00025440707658739984
1398,0.0008485691086494446
1399,0.00011161231587374745
1400,0.0007729575092567807
1401,0.000609326682387218
1402,0.00044369172949383986
1403,8.801742820491382e-05
1404,0.0008875584381816123
1405,0.0008537903759192903
1406,0.0006355378217764955
1407,0.0008303817383909078
1408,0.000698603572840144
1409,0.0006623185506189554
1410,0.000835282410902376
1411,0.00036507702304642935
1412,0.0006846984212748204
1413,0.0007018369604709386
1414,0.00016178896303098244
1415,0.0009060145025451194
1416,0.0009550099163206299
1417,0.0004005385531576129
1418,0.00022314047220560755
1419,0.00013188950447614407
1420,0.0010349972883130472
1421,0.0006014994753705939
1422,0.000253551260105513
1423,0.0004678701643152801
1424,0.00041814251639330006
1425,0.00016974486857263918
1426,0.00048211257333262143
1427,0.00020603762850116326
1428,0.0003114264810959734
1429,0.0007959716317075468
1430,0.0002085174816772341
1431,0.0006872567433452815
1432,0.0007787093184697924
1433,0.0005493007231778206
1434,0.0008830322475906553
1435,0.0008420768678974516
1436,0.0006303432537200013
1437,0.0009721435174875814
1438,0.000980839662920806
1439,0.0003962428228057149
1440,0.0001903277355565856
1441,0.00045500527430180043
1442,0.0008633424117888111
1443,0.00011583740388254981
1444,0.0006586384427981815
1445,0.0008693770787698764
1446,0.00010317448496513019
1447,0.0002372500337460228
1448,0.0001037232287336832
1449,0.0002445937655634842
1450,0.00025798795563363944
1451,0.00015490559367558663
1452,0.0005287500385173754
1453,0.0009287324260474757
1454,0.0006150530601962941
1455,0.0007652523913567153
1456,0.0006979040283040913
1457,0.0006508274285782345
1458,2.9271785842433117e-05
1459,0.0008532335649971114
1460,0.0006921862061026257
1461,0.0002083160140072179
1462,0.0008102652729429502
1463,0.0009370966863134117
1464,0.0006260061148994048
1465,0.0003447438769715973
1466,0.0009744512685291168
1467,0.0009079813965220441
1468,0.00036530387361378297
1469,0.0006260527492421547
1470,0.0006403934823120291
1471,0.000401514656575396
1472,0.0002541905499276088
1473,0.00038175863026781943
1474,0.0007453120416940397
1475,0.00023179660583709353
1476,0.0004974555250730433
1477,0.0006061583924929588
1478,0.0004729401619864636
1479,0.000295132959753658
1480,2.2852068082959718e-05
1481,0.0005436311633240003
1482,0.0006721404460832439
1483,0.0005065125866030155
1484,0.0007720560579821983
1485,7.387810355907547e-05
1486,0.0008304603039646239
1487,9.097973206484514e-06
1488,0.00043657570678164815
1489,0.0008921058041454334
1490,0.0010371463343193308
1491,7.688216727160911e-05
1492,0.000660422707599974
1493,0.0003907363212587714
1494,0.0002715400533061283
1495,0.00042751364712162324
1496,0.0009181619863673362
1497,0.0007646781647020784
1498,0.0008364119390703092
1499,0.00043027602536817577
1500,2.756605280855301e-05
1501,0.000236531853719086
1502,0.0009457686246886253
1503,7.804536762728486e-05
1504,7.851542980006159e-05
1505,0.0006028710020112837
1506,0.00021608252441796265
1507,0.0007426873008155705
1508,0.0006829628710245502
1509,0.00020323793153940724
1510,0.0003930218663016508
1511,0.000757231981638732
1512,0.00033391415099412567
1513,0.0008664678267786554
1514,0.0009416005496683483
1515,0.0001392004945779105
1516,0.00011961011148772604
1517,0.0006980574757587772
1518,0.0009566505465965818
1519,6.466962935551964e-05
1520,0.0007003650662033999
1521,8.498610617021669e-05
1522,0.0007195731275905522
1523,0.0006811855025578332
1524,0.0007488827099585481
1525,0.001023535812045004
1526,0.00041887527315316467
1527,0.0010190714568632869
1528,0.00039901877145755377
1529,0.000975561383464064
1530,0.0002811215041014469
1531,0.0002832082229236117
1532,0.0006484722944588453
1533,4.153233632923163e-05
1534,0.0003109374762617451
1535,0.0007366208808704497
1536,6.773461224810906e-05
1537,0.00018321782207973526
1538,0.0005389372181559976
1539,0.00031893807650747554
1540,7.553715411906569e-05
1541,0.0009112493842252721
1542,0.0005457699072312077
1543,0.00015579356812931065
1544,0.0005132552789231743
1545,0.000310678651704267
1546,0.0006951149248324344
1547,0.0008436642977621672
1548,0.0005814443244924325
1549,0.0008482186907027611
1550,0.000824367792767287
1551,0.0008843788282561863
1552,0.0003945506004048957
1553,0.00033364018706263997
1554,0.0002859509551577197
1555,0.00019494150297072756
1556,0.0007960801161371712
1557,0.0010309608794488727
1558,0.00019549221029481302
1559,0.0006747366354951436
1560,9.289283574318419e-05
1561,0.0008071242135506254
1562,0.0005683889390918228
1563,6.062015037026634e-05
1564,0.0001266107937181592
1565,0.00035250688547894244
1566,0.0009062395239914769
1567,0.0007913573051258626
1568,0.0005049867801331841
1569,0.0010247438842045694
1570,0.0008166501571505095
1571,0.0003618714378081369
1572,0.000631602046075829
1573,0.00091956816070907
1574,0.0005545204766708782
1575,0.0009826160589072883
1576,0.0005401629322367387
1577,0.00039748441649285293
1578,0.00027433924088991535
1579,0.0006788750006332763
1580,0.0008318776005126703
1581,0.0005239381507299029
1582,0.0010356394614475211
1583,0.0002491961346452062
1584,0.0007099122541268982
1585,0.0003069556834795065
1586,0.0003623746517350844
1587,0.0010304248750651094
1588,0.0002927035988721027
1589,0.0008822821611273084
1590,0.0004162040720732439
1591,0.0010374181240821925
1592,0.00013619912928495862
1593,0.00020588792512430112
1594,0.0007996689787604066
1595,0.0009583562848993043
1596,0.0009237376708397469
1597,0.0009364309544629593
1598,0.0005714932866632854
1599,4.27166796168101e-05
1600,0.0009261871673716264
1601,9.791860751873468e-05
1602,0.00044228527695275484
1603,0.0009136436132725285
1604,0.00037264159485000074
1605,0.0003084057463119776
1606,0.0007107527881266193
1607,0.0007008622480934248
1608,0.00034387777184426615
1609,0.000544655607139903
1610,0.0008821371535388518
1611,0.0008539729188544559
1612,0.0008162369293258074
1613,0.00041627350361963416
1614,0.0004750723855470069
1615,0.00020108550856514962
1616,0.001046904861860874
1617,0.00023478626785018695
1618,5.024240515913992e-05
1619,0.0008881610364862869
1620,0.0006986090081165142
1621,0.0001518857107854808
1622,0.0008832041978656628
1623,0.0006471287555694871
1624,0.000621098131002441
1625,0.0007583905977395843
1626,0.0005475980571398154
1627,0.0007128694631277272
1628,0.0006176951988092075
1629,0.00017752373449993818
1630,0.00020990831735164932
1631,0.00027896331467006466
1632,0.000668250016918552
1633,0.0002874070137210319
1634,0.000546079455084935
1635,9.726510913794445e-05
1636,0.0009805417669631197
1637,0.0007331241317552787
1638,0.0008124628446022314
1639,0.0009394481648726161
1640,0.00022544704377569142
1641,0.0007532247305401488
1642,0.00020472549678622276
1643,0.000769813511393799
1644,0.0005634725569249459
1645,0.000298786351481044
1646,1.4693851110568168e-05
1647,0.00040568413637427007
1648,0.0005605904025637748
1649,9.295865935845049e-05
1650,0.0009900016578218943
1651,0.0003458994888646949
1652,0.0004246359118556697
1653,0.0009216809989452393
1654,0.0007932839053220806
1655,0.0008204707014082139
1656,0.0006985303173076717
1657,0.00040443426427136327
1658,0.00012239505919963274
1659,0.0010338111323370143
1660,0.00031317722197715653
1661,0.0004344545564743849
1662,0.000788879553547544
1663,2.5356507188099515e-05
1664,5.8709628822787836e-05
1665,0.0009368040095623239
1666,0.001005363830407445
1667,7.787108821373563e-05
1668,5.723792002085429e-05
1669,0.000617956221354779
1670,0.0006621401749632917
1671,0.00016849463830361682
1672,0.00014354312233015004
1673,0.00022610433140408468
1674,0.0004865488027266223
1675,0.00010630915627385542
1676,0.0003301121469035342
1677,0.0002771738552771057
1678,0.0003721765223618211
1679,0.00012491574483744727
1680,0.0010340010719883598
1681,0.000336390084655128
1682,0.0010247727522667022
1683,0.0008360823306752909
1684,0.00019778738323155532
1685,0.000838595502783526
1686,0.00038665200651453535
1687,0.00047222788686508314
1688,5.353359607693446e-05
1689,0.0007634994340723909
1690,0.0006948116575657428
1691,0.00042948688556179146
1692,2.2369317195940055e-05
1693,0.0003921332732467238
1694,0.0009746843511165178
1695,5.137061221663399e-05
1696,0.0005196131641772268
1697,0.00013058856400193966
1698,0.0009863433917330266
1699,0.001007829559538369
1700,8.34303178336099e-05
1701,0.0008939818570347342
1702,0.0004834438751320281
1703,0.0007947557063815154
1704,0.000623565684421463
1705,0.0006050716690582061
1706,0.0002897679662338071
1707,0.0006600417632334508
1708,0.0003793145657913482
1709,0.0006942310413667722
1710,0.0009865558446882367
1711,0.0008645525389266731
1712,0.0007094889329202329
1713,0.0005098077084738173
1714,4.573602574404921e-05
1715,2.0907674598122038e-05
1716,0.0003413857034621612
1717,0.00032182631580475994
1718,0.0005314615928072896
1719,0.0002972494088228402
1720,0.000997737895985666
1721,0.0004265955266892798
1722,0.0005756022370742261
1723,0.0006406635158429488
1724,0.0010346313131695613
1725,8.227691335577282e-05
1726,0.0007346321520458166
1727,0.0007278131395082626
1728,0.000635422159057181
1729,0.00022287492789064786
1730,0.00029473440668371817
1731,0.0009535505958140566
1732,0.00024027774396629962
1733,9.67907408779587e-05
1734,0.0004719155987423513
1735,0.0006655220943551995
1736,0.00034428980155088487
1737,0.0003700004935913779
1738,9.359420873827608e-05
1739,0.0005160877380549374
1740,0.0005865941990518755
1741,0.0009722353263298772
1742,0.0005928159703892215
1743,0.0007269382965519338
1744,0.0006605212476132518
1745,0.0006972772087031752
1746,0.0006637412972403722
1747,0.0009758034864310418
1748,0.0007468224118536101
1749,0.0006506516876905716
1750,0.0010039710081313148
1751,0.0004177389704018991
1752,0.00010180264214704421
1753,0.0005656442581086832
1754,7.455352931861093e-05
1755,5.966678511653757e-05
1756,0.000924305053338818
1757,1.8526572467679623e-05
1758,0.00023090810750971038
1759,0.00016010346238468562
1760,0.0006068554895163323
1761,0.00027627445917965493
1762,0.00028800806165716
1763,1.0144240584211795e-05
1764,0.0001869177752349526
1765,3.407799893430878e-05
1766,0.0010439864712624924
1767,0.000311545537870654
1768,0.000590569569795853
1769,0.0009401385930045957
1770,0.0009173502953890611
1771,0.0001371351428974294
1772,0.0007583154575536475
1773,0.00010571288796807233
1774,0.0008760894100780453
1775,0.0006073424266173086
1776,0.000718279171703525
1777,0.0008788791014712495
1778,0.0008513400087238906
1779,0.00032819778610044555
1780,0.0009702681818360943
1781,0.0005960668001395352
1782,0.00036919841804123563
1783,0.0008459436148158107
1784,0.0008572016105897264
1785,1.5349898282793775e-05
1786,0.00017607904109131462
1787,0.0006873312072573428
1788,0.00020880362480380608
1789,0.000423652439310257
1790,0.0006461086857727478
1791,0.0003789738376852301
1792,0.00036137338462664863
1793,0.0005828111937389313
1794,0.00013491290355444258
1795,0.0004285878320503446
1796,0.001048518387836383
1797,0.00010112971540934351
1798,0.00048034531774326727
1799,0.0006330952182840957
1800,3.291098276595676e-05
1801,0.0002126107208358589
1802,0.00025822767391004147
1803,0.0001209462682435729
1804,0.0008457585414504499
1805,0.0010315540487434052
1806,0.0006427879003969855
1807,0.0008644183082360074
1808,0.0005391600314579123
1809,0.00039518750789213473
1810,0.0009554689195639916
1811,0.0004381437067418586
1812,7.122269228607865e-05
1813,0.0007466404295365163
1814,0.00013997822878575786
1815,0.0008367091535959645
1816,0.0006176311233838946
1817,0.0006560789482410664
1818,0.0003652929735700539
1819,0.0006462576165424726
1820,0.00030516472118277525
1821,0.0006836351615186181
1822,0.0004751673536654436
1823,0.0010217606616396734
1824,0.0004821529320411845
1825,0.0002805739224252975
1826,0.00023474853316768273
1827,0.0004689641090982013
1828,0.0009287681866492583
1829,0.00047470270265522884
1830,0.0004044098860587152
1831,0.0006397103166127542
1832,0.00029837911695647574
1833,0.0006674867593769127
1834,0.0008732601587723883
1835,0.000408861149850257
1836,0.00028239238291042615
1837,4.620615352549364e-05
1838,0.00012708661707482242
1839,9.30763579006478e-05
1840,0.0008974850569230427
1841,0.0003690060395353728
1842,0.000940237335094135
1843,0.0005433969165455087
1844,0.0008430134892038424
1845,5.4277522208639214e-05
1846,0.0010117426201845595
1847,0.0009316238231713667
1848,0.000521754687132212
1849,0.0006975424071668057
1850,0.0007420611705209677
1851,0.00030080514033756765
1852,0.0006000111629074745
1853,0.00036404305754446695
1854,0.00046340053799987316
1855,1.347250025661713e-05
1856,0.0003182356205058208
1857,0.0006036209561521264
1858,0.0004630280492066885
1859,0.0007980392883306447
1860,9.496018160785014e-05
1861,0.0004648670824684746
1862,0.0001520553784956593
1863,1.2245591774611089e-05
1864,0.00013960346368687473
1865,6.970585369393307e-05
1866,0.0004586332380215062
1867,4.561694641793241e-05
1868,0.0008491520556979416
1869,0.0010072462854889114
1870,0.0004242690472203772
1871,0.0010270887395348164
1872,0.00027326735544828577
1873,0.0009974301354449253
1874,0.0007926107593582114
1875,0.0005807740828583128
1876,0.0006429056916052787
1877,0.0008607360592225828
1878,0.0007781199198357619
1879,0.0009601482289626804
1880,0.0009665099884021424
1881,0.0001620217071534643
1882,0.0005168259083445209
1883,0.00010416319371238318
1884,0.00016157774467474734
1885,0.00035623624797228627
1886,0.0009430997554214335
1887,0.00075177884251044
1888,3.249789149354829e-06
1889,0.0008187303978436306
1890,0.0006153800723945331
1891,0.00040086923843639155
1892,0.0003722723277450939
1893,0.0004566242708466202
1894,0.0005819002308363184
1895,0.0007396529983717265
1896,0.0006338593879132423
1897,0.0005052249318154016
1898,0.0005355993970311079
1899,0.0007065453082835253
1900,8.556058487805217e-05
1901,3.873601660722347e-05
1902,0.0006052997086302217
1903,4.537576529273668e-05
1904,0.0006014443461127644
1905,0.0004208379597480544
1906,0.0006636047361436198
1907,0.00014484830735688657
