bus_id,node_name,node_phase,vr_upper,vr_lower,vi_upper,vi_lower
0,R4-12-47-2_meter_1,A,279.8994739,274.3569101,1,-1
1,R4-12-47-2_meter_2,A,279.8994739,274.3569101,1,-1
2,R4-12-47-2_meter_2,B,-137.178455,-139.949737,-236.6,-243.4
3,R4-12-47-2_meter_3,B,-137.178455,-139.949737,-236.6,-243.4
4,R4-12-47-2_meter_4,B,-137.178455,-139.949737,-236.6,-243.4
5,R4-12-47-2_meter_5,B,-137.178455,-139.949737,-236.6,-243.4
6,R4-12-47-2_meter_6,B,-137.178455,-139.949737,-236.6,-243.4
7,R4-12-47-2_meter_7,B,-137.178455,-139.949737,-236.6,-243.4
8,R4-12-47-2_meter_8,A,279.8994739,274.3569101,1,-1
9,R4-12-47-2_meter_9,A,279.8994739,274.3569101,1,-1
10,R4-12-47-2_meter_9,B,-137.178455,-139.949737,-236.6,-243.4
11,R4-12-47-2_meter_9,C,-137.178455,-139.949737,243.4,236.6
12,R4-12-47-2_meter_10,A,279.8994739,274.3569101,1,-1
13,R4-12-47-2_meter_10,B,-137.178455,-139.949737,-236.6,-243.4
14,R4-12-47-2_meter_10,C,-137.178455,-139.949737,243.4,236.6
15,R4-12-47-2_meter_11,A,279.8994739,274.3569101,1,-1
16,R4-12-47-2_meter_12,A,279.8994739,274.3569101,1,-1
17,R4-12-47-2_meter_12,B,-137.178455,-139.949737,-236.6,-243.4
18,R4-12-47-2_meter_12,C,-137.178455,-139.949737,243.4,236.6
19,R4-12-47-2_meter_13,A,279.8994739,274.3569101,1,-1
20,R4-12-47-2_meter_13,B,-137.178455,-139.949737,-236.6,-243.4
21,R4-12-47-2_meter_13,C,-137.178455,-139.949737,243.4,236.6
22,R4-12-47-2_meter_14,A,279.8994739,274.3569101,1,-1
23,R4-12-47-2_meter_14,B,-137.178455,-139.949737,-236.6,-243.4
24,R4-12-47-2_meter_14,C,-137.178455,-139.949737,243.4,236.6
25,R4-12-47-2_meter_15,C,-137.178455,-139.949737,243.4,236.6
26,R4-12-47-2_meter_16,A,279.8994739,274.3569101,1,-1
27,R4-12-47-2_meter_16,B,-137.178455,-139.949737,-236.6,-243.4
28,R4-12-47-2_meter_16,C,-137.178455,-139.949737,243.4,236.6
29,R4-12-47-2_meter_17,A,279.8994739,274.3569101,1,-1
30,R4-12-47-2_meter_17,B,-137.178455,-139.949737,-236.6,-243.4
31,R4-12-47-2_meter_17,C,-137.178455,-139.949737,243.4,236.6
32,R4-12-47-2_meter_18,A,279.8994739,274.3569101,1,-1
33,R4-12-47-2_meter_18,B,-137.178455,-139.949737,-236.6,-243.4
34,R4-12-47-2_meter_18,C,-137.178455,-139.949737,243.4,236.6
35,R4-12-47-2_meter_19,C,-137.178455,-139.949737,243.4,236.6
36,R4-12-47-2_meter_20,A,279.8994739,274.3569101,1,-1
37,R4-12-47-2_meter_20,B,-137.178455,-139.949737,-236.6,-243.4
38,R4-12-47-2_meter_20,C,-137.178455,-139.949737,243.4,236.6
39,R4-12-47-2_meter_21,A,279.8994739,274.3569101,1,-1
40,R4-12-47-2_meter_21,B,-137.178455,-139.949737,-236.6,-243.4
41,R4-12-47-2_meter_21,C,-137.178455,-139.949737,243.4,236.6
42,R4-12-47-2_meter_22,A,7289.0488,7144.7112,1,-1
43,R4-12-47-2_meter_22,B,-3572.3556,-3644.5244,-6186.5,-6313.5
44,R4-12-47-2_meter_22,C,-3572.3556,-3644.5244,6313.5,6186.5
45,R4-12-47-2_node_1,B,-3572.3556,-3644.5244,-6186.5,-6313.5
46,R4-12-47-2_node_2,B,-3572.3556,-3644.5244,-6186.5,-6313.5
47,R4-12-47-2_node_3,B,-3572.3556,-3644.5244,-6186.5,-6313.5
48,R4-12-47-2_node_4,B,-3572.3556,-3644.5244,-6186.5,-6313.5
49,R4-12-47-2_node_5,A,7289.0488,7144.7112,1,-1
50,R4-12-47-2_node_6,A,7289.0488,7144.7112,1,-1
51,R4-12-47-2_node_7,B,-3572.3556,-3644.5244,-6186.5,-6313.5
52,R4-12-47-2_node_8,B,-3572.3556,-3644.5244,-6186.5,-6313.5
53,R4-12-47-2_node_9,A,7289.0488,7144.7112,1,-1
54,R4-12-47-2_node_10,A,7289.0488,7144.7112,1,-1
55,R4-12-47-2_node_10,B,-3572.3556,-3644.5244,-6186.5,-6313.5
56,R4-12-47-2_node_11,B,-3572.3556,-3644.5244,-6186.5,-6313.5
57,R4-12-47-2_node_12,A,7289.0488,7144.7112,1,-1
58,R4-12-47-2_node_12,B,-3572.3556,-3644.5244,-6186.5,-6313.5
59,R4-12-47-2_node_12,C,-3572.3556,-3644.5244,6313.5,6186.5
60,R4-12-47-2_node_13,A,7289.0488,7144.7112,1,-1
61,R4-12-47-2_node_13,B,-3572.3556,-3644.5244,-6186.5,-6313.5
62,R4-12-47-2_node_13,C,-3572.3556,-3644.5244,6313.5,6186.5
63,R4-12-47-2_node_14,A,7289.0488,7144.7112,1,-1
64,R4-12-47-2_node_14,B,-3572.3556,-3644.5244,-6186.5,-6313.5
65,R4-12-47-2_node_14,C,-3572.3556,-3644.5244,6313.5,6186.5
66,R4-12-47-2_node_15,A,7289.0488,7144.7112,1,-1
67,R4-12-47-2_node_15,B,-3572.3556,-3644.5244,-6186.5,-6313.5
68,R4-12-47-2_node_15,C,-3572.3556,-3644.5244,6313.5,6186.5
69,R4-12-47-2_node_16,A,7289.0488,7144.7112,1,-1
70,R4-12-47-2_node_16,B,-3572.3556,-3644.5244,-6186.5,-6313.5
71,R4-12-47-2_node_16,C,-3572.3556,-3644.5244,6313.5,6186.5
72,R4-12-47-2_node_17,B,-3572.3556,-3644.5244,-6186.5,-6313.5
73,R4-12-47-2_node_17,C,-3572.3556,-3644.5244,6313.5,6186.5
74,R4-12-47-2_node_18,A,7289.0488,7144.7112,1,-1
75,R4-12-47-2_node_18,B,-3572.3556,-3644.5244,-6186.5,-6313.5
76,R4-12-47-2_node_18,C,-3572.3556,-3644.5244,6313.5,6186.5
77,R4-12-47-2_node_19,A,7289.0488,7144.7112,1,-1
78,R4-12-47-2_node_19,B,-3572.3556,-3644.5244,-6186.5,-6313.5
79,R4-12-47-2_node_19,C,-3572.3556,-3644.5244,6313.5,6186.5
80,R4-12-47-2_node_20,A,7289.0488,7144.7112,1,-1
81,R4-12-47-2_node_20,B,-3572.3556,-3644.5244,-6186.5,-6313.5
82,R4-12-47-2_node_20,C,-3572.3556,-3644.5244,6313.5,6186.5
83,R4-12-47-2_node_21,A,7289.0488,7144.7112,1,-1
84,R4-12-47-2_node_21,B,-3572.3556,-3644.5244,-6186.5,-6313.5
85,R4-12-47-2_node_21,C,-3572.3556,-3644.5244,6313.5,6186.5
86,R4-12-47-2_node_22,A,7289.0488,7144.7112,1,-1
87,R4-12-47-2_node_22,B,-3572.3556,-3644.5244,-6186.5,-6313.5
88,R4-12-47-2_node_22,C,-3572.3556,-3644.5244,6313.5,6186.5
89,R4-12-47-2_node_23,A,7289.0488,7144.7112,1,-1
90,R4-12-47-2_node_23,B,-3572.3556,-3644.5244,-6186.5,-6313.5
91,R4-12-47-2_node_23,C,-3572.3556,-3644.5244,6313.5,6186.5
92,R4-12-47-2_node_24,A,7289.0488,7144.7112,1,-1
93,R4-12-47-2_node_24,B,-3572.3556,-3644.5244,-6186.5,-6313.5
94,R4-12-47-2_node_24,C,-3572.3556,-3644.5244,6313.5,6186.5
95,R4-12-47-2_node_25,A,7289.0488,7144.7112,1,-1
96,R4-12-47-2_node_25,B,-3572.3556,-3644.5244,-6186.5,-6313.5
97,R4-12-47-2_node_25,C,-3572.3556,-3644.5244,6313.5,6186.5
98,R4-12-47-2_node_26,A,7289.0488,7144.7112,1,-1
99,R4-12-47-2_node_26,B,-3572.3556,-3644.5244,-6186.5,-6313.5
100,R4-12-47-2_node_26,C,-3572.3556,-3644.5244,6313.5,6186.5
101,R4-12-47-2_node_27,A,7289.0488,7144.7112,1,-1
102,R4-12-47-2_node_27,B,-3572.3556,-3644.5244,-6186.5,-6313.5
103,R4-12-47-2_node_27,C,-3572.3556,-3644.5244,6313.5,6186.5
104,R4-12-47-2_node_28,A,7289.0488,7144.7112,1,-1
105,R4-12-47-2_node_28,B,-3572.3556,-3644.5244,-6186.5,-6313.5
106,R4-12-47-2_node_28,C,-3572.3556,-3644.5244,6313.5,6186.5
107,R4-12-47-2_node_29,B,-3572.3556,-3644.5244,-6186.5,-6313.5
108,R4-12-47-2_node_30,B,-3572.3556,-3644.5244,-6186.5,-6313.5
109,R4-12-47-2_node_31,A,7289.0488,7144.7112,1,-1
110,R4-12-47-2_node_32,A,7289.0488,7144.7112,1,-1
111,R4-12-47-2_node_32,B,-3572.3556,-3644.5244,-6186.5,-6313.5
112,R4-12-47-2_node_32,C,-3572.3556,-3644.5244,6313.5,6186.5
113,R4-12-47-2_node_33,A,7289.0488,7144.7112,1,-1
114,R4-12-47-2_node_33,B,-3572.3556,-3644.5244,-6186.5,-6313.5
115,R4-12-47-2_node_33,C,-3572.3556,-3644.5244,6313.5,6186.5
116,R4-12-47-2_node_34,C,-3572.3556,-3644.5244,6313.5,6186.5
117,R4-12-47-2_node_35,A,7289.0488,7144.7112,1,-1
118,R4-12-47-2_node_35,B,-3572.3556,-3644.5244,-6186.5,-6313.5
119,R4-12-47-2_node_35,C,-3572.3556,-3644.5244,6313.5,6186.5
120,R4-12-47-2_node_36,B,-3572.3556,-3644.5244,-6186.5,-6313.5
121,R4-12-47-2_node_37,A,7289.0488,7144.7112,1,-1
122,R4-12-47-2_node_38,A,7289.0488,7144.7112,1,-1
123,R4-12-47-2_node_39,C,-3572.3556,-3644.5244,6313.5,6186.5
124,R4-12-47-2_node_40,A,7289.0488,7144.7112,1,-1
125,R4-12-47-2_node_40,B,-3572.3556,-3644.5244,-6186.5,-6313.5
126,R4-12-47-2_node_40,C,-3572.3556,-3644.5244,6313.5,6186.5
127,R4-12-47-2_node_41,A,7289.0488,7144.7112,1,-1
128,R4-12-47-2_node_41,B,-3572.3556,-3644.5244,-6186.5,-6313.5
129,R4-12-47-2_node_41,C,-3572.3556,-3644.5244,6313.5,6186.5
130,R4-12-47-2_node_42,A,7289.0488,7144.7112,1,-1
131,R4-12-47-2_node_42,B,-3572.3556,-3644.5244,-6186.5,-6313.5
132,R4-12-47-2_node_42,C,-3572.3556,-3644.5244,6313.5,6186.5
133,R4-12-47-2_node_43,A,7289.0488,7144.7112,1,-1
134,R4-12-47-2_node_43,B,-3572.3556,-3644.5244,-6186.5,-6313.5
135,R4-12-47-2_node_43,C,-3572.3556,-3644.5244,6313.5,6186.5
136,R4-12-47-2_node_44,A,7289.0488,7144.7112,1,-1
137,R4-12-47-2_node_44,B,-3572.3556,-3644.5244,-6186.5,-6313.5
138,R4-12-47-2_node_44,C,-3572.3556,-3644.5244,6313.5,6186.5
139,R4-12-47-2_node_45,A,7289.0488,7144.7112,1,-1
140,R4-12-47-2_node_45,B,-3572.3556,-3644.5244,-6186.5,-6313.5
141,R4-12-47-2_node_45,C,-3572.3556,-3644.5244,6313.5,6186.5
142,R4-12-47-2_node_46,C,-3572.3556,-3644.5244,6313.5,6186.5
143,R4-12-47-2_node_47,C,-3572.3556,-3644.5244,6313.5,6186.5
144,R4-12-47-2_node_48,C,-3572.3556,-3644.5244,6313.5,6186.5
145,R4-12-47-2_node_49,C,-3572.3556,-3644.5244,6313.5,6186.5
146,R4-12-47-2_node_50,C,-3572.3556,-3644.5244,6313.5,6186.5
147,R4-12-47-2_node_51,C,-3572.3556,-3644.5244,6313.5,6186.5
148,R4-12-47-2_node_52,C,-3572.3556,-3644.5244,6313.5,6186.5
149,R4-12-47-2_node_53,C,-3572.3556,-3644.5244,6313.5,6186.5
150,R4-12-47-2_node_54,A,7289.0488,7144.7112,1,-1
151,R4-12-47-2_node_55,C,-3572.3556,-3644.5244,6313.5,6186.5
152,R4-12-47-2_node_56,C,-3572.3556,-3644.5244,6313.5,6186.5
153,R4-12-47-2_node_57,A,7289.0488,7144.7112,1,-1
154,R4-12-47-2_node_58,B,-3572.3556,-3644.5244,-6186.5,-6313.5
155,R4-12-47-2_node_59,C,-3572.3556,-3644.5244,6313.5,6186.5
156,R4-12-47-2_node_60,A,7289.0488,7144.7112,1,-1
157,R4-12-47-2_node_60,B,-3572.3556,-3644.5244,-6186.5,-6313.5
158,R4-12-47-2_node_60,C,-3572.3556,-3644.5244,6313.5,6186.5
159,R4-12-47-2_node_61,A,7289.0488,7144.7112,1,-1
160,R4-12-47-2_node_62,B,-3572.3556,-3644.5244,-6186.5,-6313.5
161,R4-12-47-2_node_63,A,7289.0488,7144.7112,1,-1
162,R4-12-47-2_node_63,B,-3572.3556,-3644.5244,-6186.5,-6313.5
163,R4-12-47-2_node_63,C,-3572.3556,-3644.5244,6313.5,6186.5
164,R4-12-47-2_node_64,A,7289.0488,7144.7112,1,-1
165,R4-12-47-2_node_64,B,-3572.3556,-3644.5244,-6186.5,-6313.5
166,R4-12-47-2_node_64,C,-3572.3556,-3644.5244,6313.5,6186.5
167,R4-12-47-2_node_65,A,7289.0488,7144.7112,1,-1
168,R4-12-47-2_node_65,B,-3572.3556,-3644.5244,-6186.5,-6313.5
169,R4-12-47-2_node_65,C,-3572.3556,-3644.5244,6313.5,6186.5
170,R4-12-47-2_node_66,A,7289.0488,7144.7112,1,-1
171,R4-12-47-2_node_66,B,-3572.3556,-3644.5244,-6186.5,-6313.5
172,R4-12-47-2_node_66,C,-3572.3556,-3644.5244,6313.5,6186.5
173,R4-12-47-2_node_67,A,7289.0488,7144.7112,1,-1
174,R4-12-47-2_node_67,B,-3572.3556,-3644.5244,-6186.5,-6313.5
175,R4-12-47-2_node_67,C,-3572.3556,-3644.5244,6313.5,6186.5
176,R4-12-47-2_node_68,A,7289.0488,7144.7112,1,-1
177,R4-12-47-2_node_68,B,-3572.3556,-3644.5244,-6186.5,-6313.5
178,R4-12-47-2_node_68,C,-3572.3556,-3644.5244,6313.5,6186.5
179,R4-12-47-2_node_69,C,-3572.3556,-3644.5244,6313.5,6186.5
180,R4-12-47-2_node_70,B,-3572.3556,-3644.5244,-6186.5,-6313.5
181,R4-12-47-2_node_71,C,-3572.3556,-3644.5244,6313.5,6186.5
182,R4-12-47-2_node_72,A,7289.0488,7144.7112,1,-1
183,R4-12-47-2_node_73,B,-3572.3556,-3644.5244,-6186.5,-6313.5
184,R4-12-47-2_node_74,A,7289.0488,7144.7112,1,-1
185,R4-12-47-2_node_75,B,-3572.3556,-3644.5244,-6186.5,-6313.5
186,R4-12-47-2_node_76,C,-3572.3556,-3644.5244,6313.5,6186.5
187,R4-12-47-2_node_77,A,7289.0488,7144.7112,1,-1
188,R4-12-47-2_node_78,C,-3572.3556,-3644.5244,6313.5,6186.5
189,R4-12-47-2_node_79,A,7289.0488,7144.7112,1,-1
190,R4-12-47-2_node_80,B,-3572.3556,-3644.5244,-6186.5,-6313.5
191,R4-12-47-2_node_81,B,-3572.3556,-3644.5244,-6186.5,-6313.5
192,R4-12-47-2_node_82,A,7289.0488,7144.7112,1,-1
193,R4-12-47-2_node_82,B,-3572.3556,-3644.5244,-6186.5,-6313.5
194,R4-12-47-2_node_82,C,-3572.3556,-3644.5244,6313.5,6186.5
195,R4-12-47-2_node_83,B,-3572.3556,-3644.5244,-6186.5,-6313.5
196,R4-12-47-2_node_84,B,-3572.3556,-3644.5244,-6186.5,-6313.5
197,R4-12-47-2_node_84,C,-3572.3556,-3644.5244,6313.5,6186.5
198,R4-12-47-2_node_85,A,7289.0488,7144.7112,1,-1
199,R4-12-47-2_node_86,C,-3572.3556,-3644.5244,6313.5,6186.5
200,R4-12-47-2_node_87,A,7289.0488,7144.7112,1,-1
201,R4-12-47-2_node_88,C,-3572.3556,-3644.5244,6313.5,6186.5
202,R4-12-47-2_node_89,C,-3572.3556,-3644.5244,6313.5,6186.5
203,R4-12-47-2_node_90,C,-3572.3556,-3644.5244,6313.5,6186.5
204,R4-12-47-2_node_91,A,7289.0488,7144.7112,1,-1
205,R4-12-47-2_node_91,C,-3572.3556,-3644.5244,6313.5,6186.5
206,R4-12-47-2_node_92,A,7289.0488,7144.7112,1,-1
207,R4-12-47-2_node_93,A,7289.0488,7144.7112,1,-1
208,R4-12-47-2_node_93,B,-3572.3556,-3644.5244,-6186.5,-6313.5
209,R4-12-47-2_node_93,C,-3572.3556,-3644.5244,6313.5,6186.5
210,R4-12-47-2_node_94,A,7289.0488,7144.7112,1,-1
211,R4-12-47-2_node_94,B,-3572.3556,-3644.5244,-6186.5,-6313.5
212,R4-12-47-2_node_94,C,-3572.3556,-3644.5244,6313.5,6186.5
213,R4-12-47-2_node_95,A,7289.0488,7144.7112,1,-1
214,R4-12-47-2_node_96,B,-3572.3556,-3644.5244,-6186.5,-6313.5
215,R4-12-47-2_node_97,B,-3572.3556,-3644.5244,-6186.5,-6313.5
216,R4-12-47-2_node_98,B,-3572.3556,-3644.5244,-6186.5,-6313.5
217,R4-12-47-2_node_99,C,-3572.3556,-3644.5244,6313.5,6186.5
218,R4-12-47-2_node_100,C,-3572.3556,-3644.5244,6313.5,6186.5
219,R4-12-47-2_node_101,A,7289.0488,7144.7112,1,-1
220,R4-12-47-2_node_101,B,-3572.3556,-3644.5244,-6186.5,-6313.5
221,R4-12-47-2_node_101,C,-3572.3556,-3644.5244,6313.5,6186.5
222,R4-12-47-2_node_102,C,-3572.3556,-3644.5244,6313.5,6186.5
223,R4-12-47-2_node_103,C,-3572.3556,-3644.5244,6313.5,6186.5
224,R4-12-47-2_node_104,C,-3572.3556,-3644.5244,6313.5,6186.5
225,R4-12-47-2_node_105,C,-3572.3556,-3644.5244,6313.5,6186.5
226,R4-12-47-2_node_106,C,-3572.3556,-3644.5244,6313.5,6186.5
227,R4-12-47-2_node_107,C,-3572.3556,-3644.5244,6313.5,6186.5
228,R4-12-47-2_node_108,C,-3572.3556,-3644.5244,6313.5,6186.5
229,R4-12-47-2_node_109,C,-3572.3556,-3644.5244,6313.5,6186.5
230,R4-12-47-2_node_110,A,7289.0488,7144.7112,1,-1
231,R4-12-47-2_node_110,B,-3572.3556,-3644.5244,-6186.5,-6313.5
232,R4-12-47-2_node_110,C,-3572.3556,-3644.5244,6313.5,6186.5
233,R4-12-47-2_node_111,A,7289.0488,7144.7112,1,-1
234,R4-12-47-2_node_111,B,-3572.3556,-3644.5244,-6186.5,-6313.5
235,R4-12-47-2_node_111,C,-3572.3556,-3644.5244,6313.5,6186.5
236,R4-12-47-2_node_112,A,7289.0488,7144.7112,1,-1
237,R4-12-47-2_node_113,A,7289.0488,7144.7112,1,-1
238,R4-12-47-2_node_114,A,7289.0488,7144.7112,1,-1
239,R4-12-47-2_node_115,B,-3572.3556,-3644.5244,-6186.5,-6313.5
240,R4-12-47-2_node_116,A,7289.0488,7144.7112,1,-1
241,R4-12-47-2_node_117,A,7289.0488,7144.7112,1,-1
242,R4-12-47-2_node_118,A,7289.0488,7144.7112,1,-1
243,R4-12-47-2_node_119,A,7289.0488,7144.7112,1,-1
244,R4-12-47-2_node_120,A,7289.0488,7144.7112,1,-1
245,R4-12-47-2_node_121,A,7289.0488,7144.7112,1,-1
246,R4-12-47-2_node_122,B,-3572.3556,-3644.5244,-6186.5,-6313.5
247,R4-12-47-2_node_123,B,-3572.3556,-3644.5244,-6186.5,-6313.5
248,R4-12-47-2_node_124,B,-3572.3556,-3644.5244,-6186.5,-6313.5
249,R4-12-47-2_node_125,B,-3572.3556,-3644.5244,-6186.5,-6313.5
250,R4-12-47-2_node_126,B,-3572.3556,-3644.5244,-6186.5,-6313.5
251,R4-12-47-2_node_127,B,-3572.3556,-3644.5244,-6186.5,-6313.5
252,R4-12-47-2_node_128,C,-3572.3556,-3644.5244,6313.5,6186.5
253,R4-12-47-2_node_129,C,-3572.3556,-3644.5244,6313.5,6186.5
254,R4-12-47-2_node_130,B,-3572.3556,-3644.5244,-6186.5,-6313.5
255,R4-12-47-2_node_131,B,-3572.3556,-3644.5244,-6186.5,-6313.5
256,R4-12-47-2_node_132,B,-3572.3556,-3644.5244,-6186.5,-6313.5
257,R4-12-47-2_node_133,C,-3572.3556,-3644.5244,6313.5,6186.5
258,R4-12-47-2_node_134,C,-3572.3556,-3644.5244,6313.5,6186.5
259,R4-12-47-2_node_135,C,-3572.3556,-3644.5244,6313.5,6186.5
260,R4-12-47-2_node_136,A,7289.0488,7144.7112,1,-1
261,R4-12-47-2_node_137,A,7289.0488,7144.7112,1,-1
262,R4-12-47-2_node_138,A,7289.0488,7144.7112,1,-1
263,R4-12-47-2_node_139,A,7289.0488,7144.7112,1,-1
264,R4-12-47-2_node_140,A,7289.0488,7144.7112,1,-1
265,R4-12-47-2_node_141,A,7289.0488,7144.7112,1,-1
266,R4-12-47-2_node_142,A,7289.0488,7144.7112,1,-1
267,R4-12-47-2_node_143,A,7289.0488,7144.7112,1,-1
268,R4-12-47-2_node_144,A,7289.0488,7144.7112,1,-1
269,R4-12-47-2_node_145,B,-3572.3556,-3644.5244,-6186.5,-6313.5
270,R4-12-47-2_node_146,B,-3572.3556,-3644.5244,-6186.5,-6313.5
271,R4-12-47-2_node_147,B,-3572.3556,-3644.5244,-6186.5,-6313.5
272,R4-12-47-2_node_148,B,-3572.3556,-3644.5244,-6186.5,-6313.5
273,R4-12-47-2_node_149,B,-3572.3556,-3644.5244,-6186.5,-6313.5
274,R4-12-47-2_node_150,B,-3572.3556,-3644.5244,-6186.5,-6313.5
275,R4-12-47-2_node_151,B,-3572.3556,-3644.5244,-6186.5,-6313.5
276,R4-12-47-2_node_152,B,-3572.3556,-3644.5244,-6186.5,-6313.5
277,R4-12-47-2_node_153,C,-3572.3556,-3644.5244,6313.5,6186.5
278,R4-12-47-2_node_154,A,7289.0488,7144.7112,1,-1
279,R4-12-47-2_node_155,A,7289.0488,7144.7112,1,-1
280,R4-12-47-2_node_156,A,7289.0488,7144.7112,1,-1
281,R4-12-47-2_node_157,A,7289.0488,7144.7112,1,-1
282,R4-12-47-2_node_158,A,7289.0488,7144.7112,1,-1
283,R4-12-47-2_node_159,A,7289.0488,7144.7112,1,-1
284,R4-12-47-2_node_160,A,7289.0488,7144.7112,1,-1
285,R4-12-47-2_node_161,A,7289.0488,7144.7112,1,-1
286,R4-12-47-2_node_162,A,7289.0488,7144.7112,1,-1
287,R4-12-47-2_node_163,A,7289.0488,7144.7112,1,-1
288,R4-12-47-2_node_164,A,7289.0488,7144.7112,1,-1
289,R4-12-47-2_node_165,A,7289.0488,7144.7112,1,-1
290,R4-12-47-2_node_166,A,7289.0488,7144.7112,1,-1
291,R4-12-47-2_node_167,A,7289.0488,7144.7112,1,-1
292,R4-12-47-2_node_168,A,7289.0488,7144.7112,1,-1
293,R4-12-47-2_node_169,A,7289.0488,7144.7112,1,-1
294,R4-12-47-2_node_170,A,7289.0488,7144.7112,1,-1
295,R4-12-47-2_node_171,A,7289.0488,7144.7112,1,-1
296,R4-12-47-2_node_172,A,7289.0488,7144.7112,1,-1
297,R4-12-47-2_node_173,A,7289.0488,7144.7112,1,-1
298,R4-12-47-2_node_174,A,7289.0488,7144.7112,1,-1
299,R4-12-47-2_node_175,A,7289.0488,7144.7112,1,-1
300,R4-12-47-2_node_176,A,7289.0488,7144.7112,1,-1
301,R4-12-47-2_node_177,A,7289.0488,7144.7112,1,-1
302,R4-12-47-2_node_178,A,7289.0488,7144.7112,1,-1
303,R4-12-47-2_node_179,A,7289.0488,7144.7112,1,-1
304,R4-12-47-2_node_180,A,7289.0488,7144.7112,1,-1
305,R4-12-47-2_node_181,B,-3572.3556,-3644.5244,-6186.5,-6313.5
306,R4-12-47-2_node_182,B,-3572.3556,-3644.5244,-6186.5,-6313.5
307,R4-12-47-2_node_183,B,-3572.3556,-3644.5244,-6186.5,-6313.5
308,R4-12-47-2_node_184,B,-3572.3556,-3644.5244,-6186.5,-6313.5
309,R4-12-47-2_node_185,B,-3572.3556,-3644.5244,-6186.5,-6313.5
310,R4-12-47-2_node_186,B,-3572.3556,-3644.5244,-6186.5,-6313.5
311,R4-12-47-2_node_187,B,-3572.3556,-3644.5244,-6186.5,-6313.5
312,R4-12-47-2_node_188,B,-3572.3556,-3644.5244,-6186.5,-6313.5
313,R4-12-47-2_node_189,B,-3572.3556,-3644.5244,-6186.5,-6313.5
314,R4-12-47-2_node_190,B,-3572.3556,-3644.5244,-6186.5,-6313.5
315,R4-12-47-2_node_191,B,-3572.3556,-3644.5244,-6186.5,-6313.5
316,R4-12-47-2_node_192,B,-3572.3556,-3644.5244,-6186.5,-6313.5
317,R4-12-47-2_node_193,A,7289.0488,7144.7112,1,-1
318,R4-12-47-2_node_194,A,7289.0488,7144.7112,1,-1
319,R4-12-47-2_node_195,C,-3572.3556,-3644.5244,6313.5,6186.5
320,R4-12-47-2_node_196,C,-3572.3556,-3644.5244,6313.5,6186.5
321,R4-12-47-2_node_197,C,-3572.3556,-3644.5244,6313.5,6186.5
322,R4-12-47-2_node_198,C,-3572.3556,-3644.5244,6313.5,6186.5
323,R4-12-47-2_node_199,C,-3572.3556,-3644.5244,6313.5,6186.5
324,R4-12-47-2_node_200,C,-3572.3556,-3644.5244,6313.5,6186.5
325,R4-12-47-2_node_201,C,-3572.3556,-3644.5244,6313.5,6186.5
326,R4-12-47-2_node_202,A,7289.0488,7144.7112,1,-1
327,R4-12-47-2_node_203,A,7289.0488,7144.7112,1,-1
328,R4-12-47-2_node_204,A,7289.0488,7144.7112,1,-1
329,R4-12-47-2_node_205,C,-3572.3556,-3644.5244,6313.5,6186.5
330,R4-12-47-2_node_206,B,-3572.3556,-3644.5244,-6186.5,-6313.5
331,R4-12-47-2_node_207,B,-3572.3556,-3644.5244,-6186.5,-6313.5
332,R4-12-47-2_node_208,C,-3572.3556,-3644.5244,6313.5,6186.5
333,R4-12-47-2_node_209,C,-3572.3556,-3644.5244,6313.5,6186.5
334,R4-12-47-2_node_210,B,-3572.3556,-3644.5244,-6186.5,-6313.5
335,R4-12-47-2_node_211,B,-3572.3556,-3644.5244,-6186.5,-6313.5
336,R4-12-47-2_node_212,B,-3572.3556,-3644.5244,-6186.5,-6313.5
337,R4-12-47-2_node_213,B,-3572.3556,-3644.5244,-6186.5,-6313.5
338,R4-12-47-2_node_214,A,7289.0488,7144.7112,1,-1
339,R4-12-47-2_node_215,B,-3572.3556,-3644.5244,-6186.5,-6313.5
340,R4-12-47-2_node_216,B,-3572.3556,-3644.5244,-6186.5,-6313.5
341,R4-12-47-2_node_217,B,-3572.3556,-3644.5244,-6186.5,-6313.5
342,R4-12-47-2_node_218,B,-3572.3556,-3644.5244,-6186.5,-6313.5
343,R4-12-47-2_node_219,B,-3572.3556,-3644.5244,-6186.5,-6313.5
344,R4-12-47-2_node_220,B,-3572.3556,-3644.5244,-6186.5,-6313.5
345,R4-12-47-2_node_221,A,7289.0488,7144.7112,1,-1
346,R4-12-47-2_node_222,A,7289.0488,7144.7112,1,-1
347,R4-12-47-2_node_223,A,7289.0488,7144.7112,1,-1
348,R4-12-47-2_node_223,B,-3572.3556,-3644.5244,-6186.5,-6313.5
349,R4-12-47-2_node_223,C,-3572.3556,-3644.5244,6313.5,6186.5
350,R4-12-47-2_node_224,B,-3572.3556,-3644.5244,-6186.5,-6313.5
351,R4-12-47-2_node_225,B,-3572.3556,-3644.5244,-6186.5,-6313.5
352,R4-12-47-2_node_226,B,-3572.3556,-3644.5244,-6186.5,-6313.5
353,R4-12-47-2_node_227,C,-3572.3556,-3644.5244,6313.5,6186.5
354,R4-12-47-2_node_228,C,-3572.3556,-3644.5244,6313.5,6186.5
355,R4-12-47-2_node_229,A,7289.0488,7144.7112,1,-1
356,R4-12-47-2_node_229,B,-3572.3556,-3644.5244,-6186.5,-6313.5
357,R4-12-47-2_node_229,C,-3572.3556,-3644.5244,6313.5,6186.5
358,R4-12-47-2_node_230,A,7289.0488,7144.7112,1,-1
359,R4-12-47-2_node_230,B,-3572.3556,-3644.5244,-6186.5,-6313.5
360,R4-12-47-2_node_230,C,-3572.3556,-3644.5244,6313.5,6186.5
361,R4-12-47-2_node_231,A,7289.0488,7144.7112,1,-1
362,R4-12-47-2_node_231,B,-3572.3556,-3644.5244,-6186.5,-6313.5
363,R4-12-47-2_node_231,C,-3572.3556,-3644.5244,6313.5,6186.5
364,R4-12-47-2_node_232,A,7289.0488,7144.7112,1,-1
365,R4-12-47-2_node_233,A,7289.0488,7144.7112,1,-1
366,R4-12-47-2_node_233,B,-3572.3556,-3644.5244,-6186.5,-6313.5
367,R4-12-47-2_node_234,A,7289.0488,7144.7112,1,-1
368,R4-12-47-2_node_234,B,-3572.3556,-3644.5244,-6186.5,-6313.5
369,R4-12-47-2_node_234,C,-3572.3556,-3644.5244,6313.5,6186.5
370,R4-12-47-2_node_235,A,7289.0488,7144.7112,1,-1
371,R4-12-47-2_node_235,B,-3572.3556,-3644.5244,-6186.5,-6313.5
372,R4-12-47-2_node_236,B,-3572.3556,-3644.5244,-6186.5,-6313.5
373,R4-12-47-2_node_237,A,7289.0488,7144.7112,1,-1
374,R4-12-47-2_node_237,C,-3572.3556,-3644.5244,6313.5,6186.5
375,R4-12-47-2_node_238,A,7289.0488,7144.7112,1,-1
376,R4-12-47-2_node_238,B,-3572.3556,-3644.5244,-6186.5,-6313.5
377,R4-12-47-2_node_238,C,-3572.3556,-3644.5244,6313.5,6186.5
378,R4-12-47-2_node_239,C,-3572.3556,-3644.5244,6313.5,6186.5
379,R4-12-47-2_node_240,A,7289.0488,7144.7112,1,-1
380,R4-12-47-2_node_240,B,-3572.3556,-3644.5244,-6186.5,-6313.5
381,R4-12-47-2_node_240,C,-3572.3556,-3644.5244,6313.5,6186.5
382,R4-12-47-2_node_241,C,-3572.3556,-3644.5244,6313.5,6186.5
383,R4-12-47-2_node_242,C,-3572.3556,-3644.5244,6313.5,6186.5
384,R4-12-47-2_node_243,A,7289.0488,7144.7112,1,-1
385,R4-12-47-2_node_243,B,-3572.3556,-3644.5244,-6186.5,-6313.5
386,R4-12-47-2_node_243,C,-3572.3556,-3644.5244,6313.5,6186.5
387,R4-12-47-2_node_244,A,7289.0488,7144.7112,1,-1
388,R4-12-47-2_node_244,B,-3572.3556,-3644.5244,-6186.5,-6313.5
389,R4-12-47-2_node_244,C,-3572.3556,-3644.5244,6313.5,6186.5
390,R4-12-47-2_node_245,A,7289.0488,7144.7112,1,-1
391,R4-12-47-2_node_245,B,-3572.3556,-3644.5244,-6186.5,-6313.5
392,R4-12-47-2_node_245,C,-3572.3556,-3644.5244,6313.5,6186.5
393,R4-12-47-2_node_246,A,7289.0488,7144.7112,1,-1
394,R4-12-47-2_node_246,B,-3572.3556,-3644.5244,-6186.5,-6313.5
395,R4-12-47-2_node_246,C,-3572.3556,-3644.5244,6313.5,6186.5
396,R4-12-47-2_node_247,A,7289.0488,7144.7112,1,-1
397,R4-12-47-2_node_247,B,-3572.3556,-3644.5244,-6186.5,-6313.5
398,R4-12-47-2_node_247,C,-3572.3556,-3644.5244,6313.5,6186.5
399,R4-12-47-2_node_248,A,7289.0488,7144.7112,1,-1
400,R4-12-47-2_node_248,B,-3572.3556,-3644.5244,-6186.5,-6313.5
401,R4-12-47-2_node_248,C,-3572.3556,-3644.5244,6313.5,6186.5
402,R4-12-47-2_node_249,A,7289.0488,7144.7112,1,-1
403,R4-12-47-2_node_249,B,-3572.3556,-3644.5244,-6186.5,-6313.5
404,R4-12-47-2_node_249,C,-3572.3556,-3644.5244,6313.5,6186.5
405,R4-12-47-2_node_250,A,7289.0488,7144.7112,1,-1
406,R4-12-47-2_node_250,C,-3572.3556,-3644.5244,6313.5,6186.5
407,R4-12-47-2_node_251,A,7289.0488,7144.7112,1,-1
408,R4-12-47-2_node_251,B,-3572.3556,-3644.5244,-6186.5,-6313.5
409,R4-12-47-2_node_251,C,-3572.3556,-3644.5244,6313.5,6186.5
410,R4-12-47-2_node_252,A,7289.0488,7144.7112,1,-1
411,R4-12-47-2_node_252,B,-3572.3556,-3644.5244,-6186.5,-6313.5
412,R4-12-47-2_node_252,C,-3572.3556,-3644.5244,6313.5,6186.5
413,R4-12-47-2_node_253,A,7289.0488,7144.7112,1,-1
414,R4-12-47-2_node_253,B,-3572.3556,-3644.5244,-6186.5,-6313.5
415,R4-12-47-2_node_253,C,-3572.3556,-3644.5244,6313.5,6186.5
416,R4-12-47-2_node_254,C,-3572.3556,-3644.5244,6313.5,6186.5
417,R4-12-47-2_node_255,C,-3572.3556,-3644.5244,6313.5,6186.5
418,R4-12-47-2_node_256,C,-3572.3556,-3644.5244,6313.5,6186.5
419,R4-12-47-2_node_257,A,7289.0488,7144.7112,1,-1
420,R4-12-47-2_node_257,C,-3572.3556,-3644.5244,6313.5,6186.5
421,R4-12-47-2_node_258,C,-3572.3556,-3644.5244,6313.5,6186.5
422,R4-12-47-2_node_259,A,7289.0488,7144.7112,1,-1
423,R4-12-47-2_node_259,B,-3572.3556,-3644.5244,-6186.5,-6313.5
424,R4-12-47-2_node_259,C,-3572.3556,-3644.5244,6313.5,6186.5
425,R4-12-47-2_node_260,A,7289.0488,7144.7112,1,-1
426,R4-12-47-2_node_260,B,-3572.3556,-3644.5244,-6186.5,-6313.5
427,R4-12-47-2_node_260,C,-3572.3556,-3644.5244,6313.5,6186.5
428,R4-12-47-2_node_261,A,7289.0488,7144.7112,1,-1
429,R4-12-47-2_node_261,B,-3572.3556,-3644.5244,-6186.5,-6313.5
430,R4-12-47-2_node_261,C,-3572.3556,-3644.5244,6313.5,6186.5
431,R4-12-47-2_node_262,A,7289.0488,7144.7112,1,-1
432,R4-12-47-2_node_262,B,-3572.3556,-3644.5244,-6186.5,-6313.5
433,R4-12-47-2_node_262,C,-3572.3556,-3644.5244,6313.5,6186.5
434,R4-12-47-2_node_264,B,-3572.3556,-3644.5244,-6186.5,-6313.5
435,R4-12-47-2_node_265,B,-3572.3556,-3644.5244,-6186.5,-6313.5
436,R4-12-47-2_node_266,A,7289.0488,7144.7112,1,-1
437,R4-12-47-2_node_267,A,7289.0488,7144.7112,1,-1
438,R4-12-47-2_node_267,B,-3572.3556,-3644.5244,-6186.5,-6313.5
439,R4-12-47-2_node_267,C,-3572.3556,-3644.5244,6313.5,6186.5
440,R4-12-47-2_node_268,B,-3572.3556,-3644.5244,-6186.5,-6313.5
441,R4-12-47-2_node_269,B,-3572.3556,-3644.5244,-6186.5,-6313.5
442,R4-12-47-2_node_270,A,7289.0488,7144.7112,1,-1
443,R4-12-47-2_node_271,B,-3572.3556,-3644.5244,-6186.5,-6313.5
444,R4-12-47-2_node_272,A,7289.0488,7144.7112,1,-1
445,R4-12-47-2_node_273,A,7289.0488,7144.7112,1,-1
446,R4-12-47-2_node_273,B,-3572.3556,-3644.5244,-6186.5,-6313.5
447,R4-12-47-2_node_273,C,-3572.3556,-3644.5244,6313.5,6186.5
448,R4-12-47-2_tm_1,1,-59.4,-60.6,105.9622552,101.8837947
449,R4-12-47-2_tm_1,2,60.6,59.4,-101.8837947,-105.9622552
450,R4-12-47-2_tm_2,1,-59.4,-60.6,105.9622552,101.8837947
451,R4-12-47-2_tm_2,2,60.6,59.4,-101.8837947,-105.9622552
452,R4-12-47-2_tm_3,1,121.2,118.8,1,-1
453,R4-12-47-2_tm_3,2,-118.8,-121.2,1,-1
454,R4-12-47-2_tm_4,1,-59.4,-60.6,-101.8837947,-105.9622552
455,R4-12-47-2_tm_4,2,60.6,59.4,105.9622552,101.8837947
456,R4-12-47-2_tm_5,1,-59.4,-60.6,105.9622552,101.8837947
457,R4-12-47-2_tm_5,2,60.6,59.4,-101.8837947,-105.9622552
458,R4-12-47-2_tm_6,1,121.2,118.8,1,-1
459,R4-12-47-2_tm_6,2,-118.8,-121.2,1,-1
460,R4-12-47-2_tm_7,1,121.2,118.8,1,-1
461,R4-12-47-2_tm_7,2,-118.8,-121.2,1,-1
462,R4-12-47-2_tm_8,1,-59.4,-60.6,105.9622552,101.8837947
463,R4-12-47-2_tm_8,2,60.6,59.4,-101.8837947,-105.9622552
464,R4-12-47-2_tm_9,1,-59.4,-60.6,-101.8837947,-105.9622552
465,R4-12-47-2_tm_9,2,60.6,59.4,105.9622552,101.8837947
466,R4-12-47-2_tm_10,1,121.2,118.8,1,-1
467,R4-12-47-2_tm_10,2,-118.8,-121.2,1,-1
468,R4-12-47-2_tm_11,1,-59.4,-60.6,-101.8837947,-105.9622552
469,R4-12-47-2_tm_11,2,60.6,59.4,105.9622552,101.8837947
470,R4-12-47-2_tm_12,1,-59.4,-60.6,105.9622552,101.8837947
471,R4-12-47-2_tm_12,2,60.6,59.4,-101.8837947,-105.9622552
472,R4-12-47-2_tm_13,1,121.2,118.8,1,-1
473,R4-12-47-2_tm_13,2,-118.8,-121.2,1,-1
474,R4-12-47-2_tm_14,1,-59.4,-60.6,-101.8837947,-105.9622552
475,R4-12-47-2_tm_14,2,60.6,59.4,105.9622552,101.8837947
476,R4-12-47-2_tm_15,1,-59.4,-60.6,105.9622552,101.8837947
477,R4-12-47-2_tm_15,2,60.6,59.4,-101.8837947,-105.9622552
478,R4-12-47-2_tm_16,1,-59.4,-60.6,105.9622552,101.8837947
479,R4-12-47-2_tm_16,2,60.6,59.4,-101.8837947,-105.9622552
480,R4-12-47-2_tm_17,1,-59.4,-60.6,105.9622552,101.8837947
481,R4-12-47-2_tm_17,2,60.6,59.4,-101.8837947,-105.9622552
482,R4-12-47-2_tm_18,1,-59.4,-60.6,105.9622552,101.8837947
483,R4-12-47-2_tm_18,2,60.6,59.4,-101.8837947,-105.9622552
484,R4-12-47-2_tm_19,1,-59.4,-60.6,105.9622552,101.8837947
485,R4-12-47-2_tm_19,2,60.6,59.4,-101.8837947,-105.9622552
486,R4-12-47-2_tm_20,1,121.2,118.8,1,-1
487,R4-12-47-2_tm_20,2,-118.8,-121.2,1,-1
488,R4-12-47-2_tm_21,1,-59.4,-60.6,105.9622552,101.8837947
489,R4-12-47-2_tm_21,2,60.6,59.4,-101.8837947,-105.9622552
490,R4-12-47-2_tm_22,1,-59.4,-60.6,105.9622552,101.8837947
491,R4-12-47-2_tm_22,2,60.6,59.4,-101.8837947,-105.9622552
492,R4-12-47-2_tm_23,1,121.2,118.8,1,-1
493,R4-12-47-2_tm_23,2,-118.8,-121.2,1,-1
494,R4-12-47-2_tm_24,1,121.2,118.8,1,-1
495,R4-12-47-2_tm_24,2,-118.8,-121.2,1,-1
496,R4-12-47-2_tm_25,1,121.2,118.8,1,-1
497,R4-12-47-2_tm_25,2,-118.8,-121.2,1,-1
498,R4-12-47-2_tm_26,1,121.2,118.8,1,-1
499,R4-12-47-2_tm_26,2,-118.8,-121.2,1,-1
500,R4-12-47-2_tm_27,1,-59.4,-60.6,-101.8837947,-105.9622552
501,R4-12-47-2_tm_27,2,60.6,59.4,105.9622552,101.8837947
502,R4-12-47-2_tm_28,1,-59.4,-60.6,-101.8837947,-105.9622552
503,R4-12-47-2_tm_28,2,60.6,59.4,105.9622552,101.8837947
504,R4-12-47-2_tm_29,1,-59.4,-60.6,-101.8837947,-105.9622552
505,R4-12-47-2_tm_29,2,60.6,59.4,105.9622552,101.8837947
506,R4-12-47-2_tm_30,1,121.2,118.8,1,-1
507,R4-12-47-2_tm_30,2,-118.8,-121.2,1,-1
508,R4-12-47-2_tm_31,1,121.2,118.8,1,-1
509,R4-12-47-2_tm_31,2,-118.8,-121.2,1,-1
510,R4-12-47-2_tm_32,1,121.2,118.8,1,-1
511,R4-12-47-2_tm_32,2,-118.8,-121.2,1,-1
512,R4-12-47-2_tm_33,1,121.2,118.8,1,-1
513,R4-12-47-2_tm_33,2,-118.8,-121.2,1,-1
514,R4-12-47-2_tm_34,1,121.2,118.8,1,-1
515,R4-12-47-2_tm_34,2,-118.8,-121.2,1,-1
516,R4-12-47-2_tm_35,1,-59.4,-60.6,-101.8837947,-105.9622552
517,R4-12-47-2_tm_35,2,60.6,59.4,105.9622552,101.8837947
518,R4-12-47-2_tm_36,1,-59.4,-60.6,-101.8837947,-105.9622552
519,R4-12-47-2_tm_36,2,60.6,59.4,105.9622552,101.8837947
520,R4-12-47-2_tm_37,1,-59.4,-60.6,-101.8837947,-105.9622552
521,R4-12-47-2_tm_37,2,60.6,59.4,105.9622552,101.8837947
522,R4-12-47-2_tm_38,1,-59.4,-60.6,-101.8837947,-105.9622552
523,R4-12-47-2_tm_38,2,60.6,59.4,105.9622552,101.8837947
524,R4-12-47-2_tm_39,1,-59.4,-60.6,105.9622552,101.8837947
525,R4-12-47-2_tm_39,2,60.6,59.4,-101.8837947,-105.9622552
526,R4-12-47-2_tm_40,1,-59.4,-60.6,105.9622552,101.8837947
527,R4-12-47-2_tm_40,2,60.6,59.4,-101.8837947,-105.9622552
528,R4-12-47-2_tm_41,1,-59.4,-60.6,105.9622552,101.8837947
529,R4-12-47-2_tm_41,2,60.6,59.4,-101.8837947,-105.9622552
530,R4-12-47-2_tm_42,1,-59.4,-60.6,105.9622552,101.8837947
531,R4-12-47-2_tm_42,2,60.6,59.4,-101.8837947,-105.9622552
532,R4-12-47-2_tm_43,1,-59.4,-60.6,105.9622552,101.8837947
533,R4-12-47-2_tm_43,2,60.6,59.4,-101.8837947,-105.9622552
534,R4-12-47-2_tm_44,1,-59.4,-60.6,-101.8837947,-105.9622552
535,R4-12-47-2_tm_44,2,60.6,59.4,105.9622552,101.8837947
536,R4-12-47-2_tm_45,1,-59.4,-60.6,-101.8837947,-105.9622552
537,R4-12-47-2_tm_45,2,60.6,59.4,105.9622552,101.8837947
538,R4-12-47-2_tm_46,1,-59.4,-60.6,-101.8837947,-105.9622552
539,R4-12-47-2_tm_46,2,60.6,59.4,105.9622552,101.8837947
540,R4-12-47-2_tm_47,1,-59.4,-60.6,-101.8837947,-105.9622552
541,R4-12-47-2_tm_47,2,60.6,59.4,105.9622552,101.8837947
542,R4-12-47-2_tm_48,1,-59.4,-60.6,-101.8837947,-105.9622552
543,R4-12-47-2_tm_48,2,60.6,59.4,105.9622552,101.8837947
544,R4-12-47-2_tm_49,1,-59.4,-60.6,-101.8837947,-105.9622552
545,R4-12-47-2_tm_49,2,60.6,59.4,105.9622552,101.8837947
546,R4-12-47-2_tm_50,1,121.2,118.8,1,-1
547,R4-12-47-2_tm_50,2,-118.8,-121.2,1,-1
548,R4-12-47-2_tm_51,1,-59.4,-60.6,-101.8837947,-105.9622552
549,R4-12-47-2_tm_51,2,60.6,59.4,105.9622552,101.8837947
550,R4-12-47-2_tm_52,1,121.2,118.8,1,-1
551,R4-12-47-2_tm_52,2,-118.8,-121.2,1,-1
552,R4-12-47-2_tm_53,1,-59.4,-60.6,105.9622552,101.8837947
553,R4-12-47-2_tm_53,2,60.6,59.4,-101.8837947,-105.9622552
554,R4-12-47-2_tm_54,1,121.2,118.8,1,-1
555,R4-12-47-2_tm_54,2,-118.8,-121.2,1,-1
556,R4-12-47-2_tm_55,1,-59.4,-60.6,105.9622552,101.8837947
557,R4-12-47-2_tm_55,2,60.6,59.4,-101.8837947,-105.9622552
558,R4-12-47-2_tm_56,1,-59.4,-60.6,105.9622552,101.8837947
559,R4-12-47-2_tm_56,2,60.6,59.4,-101.8837947,-105.9622552
560,R4-12-47-2_tm_57,1,-59.4,-60.6,105.9622552,101.8837947
561,R4-12-47-2_tm_57,2,60.6,59.4,-101.8837947,-105.9622552
562,R4-12-47-2_tm_58,1,-59.4,-60.6,105.9622552,101.8837947
563,R4-12-47-2_tm_58,2,60.6,59.4,-101.8837947,-105.9622552
564,R4-12-47-2_tm_59,1,121.2,118.8,1,-1
565,R4-12-47-2_tm_59,2,-118.8,-121.2,1,-1
566,R4-12-47-2_tm_60,1,-59.4,-60.6,-101.8837947,-105.9622552
567,R4-12-47-2_tm_60,2,60.6,59.4,105.9622552,101.8837947
568,R4-12-47-2_tm_61,1,-59.4,-60.6,105.9622552,101.8837947
569,R4-12-47-2_tm_61,2,60.6,59.4,-101.8837947,-105.9622552
570,R4-12-47-2_tm_62,1,121.2,118.8,1,-1
571,R4-12-47-2_tm_62,2,-118.8,-121.2,1,-1
572,R4-12-47-2_tm_63,1,-59.4,-60.6,-101.8837947,-105.9622552
573,R4-12-47-2_tm_63,2,60.6,59.4,105.9622552,101.8837947
574,R4-12-47-2_tm_64,1,-59.4,-60.6,105.9622552,101.8837947
575,R4-12-47-2_tm_64,2,60.6,59.4,-101.8837947,-105.9622552
576,R4-12-47-2_tm_65,1,121.2,118.8,1,-1
577,R4-12-47-2_tm_65,2,-118.8,-121.2,1,-1
578,R4-12-47-2_tm_66,1,-59.4,-60.6,-101.8837947,-105.9622552
579,R4-12-47-2_tm_66,2,60.6,59.4,105.9622552,101.8837947
580,R4-12-47-2_tm_67,1,-59.4,-60.6,105.9622552,101.8837947
581,R4-12-47-2_tm_67,2,60.6,59.4,-101.8837947,-105.9622552
582,R4-12-47-2_tm_68,1,121.2,118.8,1,-1
583,R4-12-47-2_tm_68,2,-118.8,-121.2,1,-1
584,R4-12-47-2_tm_69,1,-59.4,-60.6,-101.8837947,-105.9622552
585,R4-12-47-2_tm_69,2,60.6,59.4,105.9622552,101.8837947
586,R4-12-47-2_tm_70,1,-59.4,-60.6,105.9622552,101.8837947
587,R4-12-47-2_tm_70,2,60.6,59.4,-101.8837947,-105.9622552
588,R4-12-47-2_tm_71,1,121.2,118.8,1,-1
589,R4-12-47-2_tm_71,2,-118.8,-121.2,1,-1
590,R4-12-47-2_tm_72,1,-59.4,-60.6,-101.8837947,-105.9622552
591,R4-12-47-2_tm_72,2,60.6,59.4,105.9622552,101.8837947
592,R4-12-47-2_tm_73,1,-59.4,-60.6,105.9622552,101.8837947
593,R4-12-47-2_tm_73,2,60.6,59.4,-101.8837947,-105.9622552
594,R4-12-47-2_tm_74,1,121.2,118.8,1,-1
595,R4-12-47-2_tm_74,2,-118.8,-121.2,1,-1
596,R4-12-47-2_tm_75,1,-59.4,-60.6,-101.8837947,-105.9622552
597,R4-12-47-2_tm_75,2,60.6,59.4,105.9622552,101.8837947
598,R4-12-47-2_tm_76,1,-59.4,-60.6,105.9622552,101.8837947
599,R4-12-47-2_tm_76,2,60.6,59.4,-101.8837947,-105.9622552
600,R4-12-47-2_tm_77,1,-59.4,-60.6,105.9622552,101.8837947
601,R4-12-47-2_tm_77,2,60.6,59.4,-101.8837947,-105.9622552
602,R4-12-47-2_tm_78,1,-59.4,-60.6,105.9622552,101.8837947
603,R4-12-47-2_tm_78,2,60.6,59.4,-101.8837947,-105.9622552
604,R4-12-47-2_tm_79,1,-59.4,-60.6,105.9622552,101.8837947
605,R4-12-47-2_tm_79,2,60.6,59.4,-101.8837947,-105.9622552
606,R4-12-47-2_tm_80,1,-59.4,-60.6,105.9622552,101.8837947
607,R4-12-47-2_tm_80,2,60.6,59.4,-101.8837947,-105.9622552
608,R4-12-47-2_tm_81,1,121.2,118.8,1,-1
609,R4-12-47-2_tm_81,2,-118.8,-121.2,1,-1
610,R4-12-47-2_tm_82,1,-59.4,-60.6,105.9622552,101.8837947
611,R4-12-47-2_tm_82,2,60.6,59.4,-101.8837947,-105.9622552
612,R4-12-47-2_tm_83,1,121.2,118.8,1,-1
613,R4-12-47-2_tm_83,2,-118.8,-121.2,1,-1
614,R4-12-47-2_tm_84,1,-59.4,-60.6,105.9622552,101.8837947
615,R4-12-47-2_tm_84,2,60.6,59.4,-101.8837947,-105.9622552
616,R4-12-47-2_tm_85,1,-59.4,-60.6,105.9622552,101.8837947
617,R4-12-47-2_tm_85,2,60.6,59.4,-101.8837947,-105.9622552
618,R4-12-47-2_tm_86,1,121.2,118.8,1,-1
619,R4-12-47-2_tm_86,2,-118.8,-121.2,1,-1
620,R4-12-47-2_tm_87,1,-59.4,-60.6,-101.8837947,-105.9622552
621,R4-12-47-2_tm_87,2,60.6,59.4,105.9622552,101.8837947
622,R4-12-47-2_tm_88,1,-59.4,-60.6,105.9622552,101.8837947
623,R4-12-47-2_tm_88,2,60.6,59.4,-101.8837947,-105.9622552
624,R4-12-47-2_tm_89,1,121.2,118.8,1,-1
625,R4-12-47-2_tm_89,2,-118.8,-121.2,1,-1
626,R4-12-47-2_tm_90,1,-59.4,-60.6,-101.8837947,-105.9622552
627,R4-12-47-2_tm_90,2,60.6,59.4,105.9622552,101.8837947
628,R4-12-47-2_tm_91,1,-59.4,-60.6,105.9622552,101.8837947
629,R4-12-47-2_tm_91,2,60.6,59.4,-101.8837947,-105.9622552
630,R4-12-47-2_tm_92,1,121.2,118.8,1,-1
631,R4-12-47-2_tm_92,2,-118.8,-121.2,1,-1
632,R4-12-47-2_tm_93,1,-59.4,-60.6,-101.8837947,-105.9622552
633,R4-12-47-2_tm_93,2,60.6,59.4,105.9622552,101.8837947
634,R4-12-47-2_tm_94,1,-59.4,-60.6,105.9622552,101.8837947
635,R4-12-47-2_tm_94,2,60.6,59.4,-101.8837947,-105.9622552
636,R4-12-47-2_tm_95,1,121.2,118.8,1,-1
637,R4-12-47-2_tm_95,2,-118.8,-121.2,1,-1
638,R4-12-47-2_tm_96,1,-59.4,-60.6,-101.8837947,-105.9622552
639,R4-12-47-2_tm_96,2,60.6,59.4,105.9622552,101.8837947
640,R4-12-47-2_tm_97,1,-59.4,-60.6,105.9622552,101.8837947
641,R4-12-47-2_tm_97,2,60.6,59.4,-101.8837947,-105.9622552
642,R4-12-47-2_tm_98,1,121.2,118.8,1,-1
643,R4-12-47-2_tm_98,2,-118.8,-121.2,1,-1
644,R4-12-47-2_tm_99,1,-59.4,-60.6,-101.8837947,-105.9622552
645,R4-12-47-2_tm_99,2,60.6,59.4,105.9622552,101.8837947
646,R4-12-47-2_tm_100,1,-59.4,-60.6,105.9622552,101.8837947
647,R4-12-47-2_tm_100,2,60.6,59.4,-101.8837947,-105.9622552
648,R4-12-47-2_tm_101,1,121.2,118.8,1,-1
649,R4-12-47-2_tm_101,2,-118.8,-121.2,1,-1
650,R4-12-47-2_tm_102,1,-59.4,-60.6,-101.8837947,-105.9622552
651,R4-12-47-2_tm_102,2,60.6,59.4,105.9622552,101.8837947
652,R4-12-47-2_tm_103,1,-59.4,-60.6,105.9622552,101.8837947
653,R4-12-47-2_tm_103,2,60.6,59.4,-101.8837947,-105.9622552
654,R4-12-47-2_tm_104,1,-59.4,-60.6,-101.8837947,-105.9622552
655,R4-12-47-2_tm_104,2,60.6,59.4,105.9622552,101.8837947
656,R4-12-47-2_tm_105,1,-59.4,-60.6,-101.8837947,-105.9622552
657,R4-12-47-2_tm_105,2,60.6,59.4,105.9622552,101.8837947
658,R4-12-47-2_tm_106,1,-59.4,-60.6,-101.8837947,-105.9622552
659,R4-12-47-2_tm_106,2,60.6,59.4,105.9622552,101.8837947
660,R4-12-47-2_tm_107,1,121.2,118.8,1,-1
661,R4-12-47-2_tm_107,2,-118.8,-121.2,1,-1
662,R4-12-47-2_tm_108,1,121.2,118.8,1,-1
663,R4-12-47-2_tm_108,2,-118.8,-121.2,1,-1
664,R4-12-47-2_tm_109,1,121.2,118.8,1,-1
665,R4-12-47-2_tm_109,2,-118.8,-121.2,1,-1
666,R4-12-47-2_tm_110,1,121.2,118.8,1,-1
667,R4-12-47-2_tm_110,2,-118.8,-121.2,1,-1
668,R4-12-47-2_tm_111,1,121.2,118.8,1,-1
669,R4-12-47-2_tm_111,2,-118.8,-121.2,1,-1
670,R4-12-47-2_tm_112,1,121.2,118.8,1,-1
671,R4-12-47-2_tm_112,2,-118.8,-121.2,1,-1
672,R4-12-47-2_tm_113,1,121.2,118.8,1,-1
673,R4-12-47-2_tm_113,2,-118.8,-121.2,1,-1
674,R4-12-47-2_tm_114,1,-59.4,-60.6,-101.8837947,-105.9622552
675,R4-12-47-2_tm_114,2,60.6,59.4,105.9622552,101.8837947
676,R4-12-47-2_tm_115,1,-59.4,-60.6,-101.8837947,-105.9622552
677,R4-12-47-2_tm_115,2,60.6,59.4,105.9622552,101.8837947
678,R4-12-47-2_tm_116,1,-59.4,-60.6,-101.8837947,-105.9622552
679,R4-12-47-2_tm_116,2,60.6,59.4,105.9622552,101.8837947
680,R4-12-47-2_tm_117,1,-59.4,-60.6,-101.8837947,-105.9622552
681,R4-12-47-2_tm_117,2,60.6,59.4,105.9622552,101.8837947
682,R4-12-47-2_tm_118,1,-59.4,-60.6,-101.8837947,-105.9622552
683,R4-12-47-2_tm_118,2,60.6,59.4,105.9622552,101.8837947
684,R4-12-47-2_tm_119,1,-59.4,-60.6,-101.8837947,-105.9622552
685,R4-12-47-2_tm_119,2,60.6,59.4,105.9622552,101.8837947
686,R4-12-47-2_tm_120,1,-59.4,-60.6,-101.8837947,-105.9622552
687,R4-12-47-2_tm_120,2,60.6,59.4,105.9622552,101.8837947
688,R4-12-47-2_tm_121,1,121.2,118.8,1,-1
689,R4-12-47-2_tm_121,2,-118.8,-121.2,1,-1
690,R4-12-47-2_tm_122,1,121.2,118.8,1,-1
691,R4-12-47-2_tm_122,2,-118.8,-121.2,1,-1
692,R4-12-47-2_tm_123,1,121.2,118.8,1,-1
693,R4-12-47-2_tm_123,2,-118.8,-121.2,1,-1
694,R4-12-47-2_tm_124,1,121.2,118.8,1,-1
695,R4-12-47-2_tm_124,2,-118.8,-121.2,1,-1
696,R4-12-47-2_tm_125,1,121.2,118.8,1,-1
697,R4-12-47-2_tm_125,2,-118.8,-121.2,1,-1
698,R4-12-47-2_tm_126,1,-59.4,-60.6,-101.8837947,-105.9622552
699,R4-12-47-2_tm_126,2,60.6,59.4,105.9622552,101.8837947
700,R4-12-47-2_tm_127,1,-59.4,-60.6,-101.8837947,-105.9622552
701,R4-12-47-2_tm_127,2,60.6,59.4,105.9622552,101.8837947
702,R4-12-47-2_tm_128,1,-59.4,-60.6,-101.8837947,-105.9622552
703,R4-12-47-2_tm_128,2,60.6,59.4,105.9622552,101.8837947
704,R4-12-47-2_tm_129,1,-59.4,-60.6,-101.8837947,-105.9622552
705,R4-12-47-2_tm_129,2,60.6,59.4,105.9622552,101.8837947
706,R4-12-47-2_tm_130,1,-59.4,-60.6,-101.8837947,-105.9622552
707,R4-12-47-2_tm_130,2,60.6,59.4,105.9622552,101.8837947
708,R4-12-47-2_tm_131,1,-59.4,-60.6,-101.8837947,-105.9622552
709,R4-12-47-2_tm_131,2,60.6,59.4,105.9622552,101.8837947
710,R4-12-47-2_tm_132,1,-59.4,-60.6,-101.8837947,-105.9622552
711,R4-12-47-2_tm_132,2,60.6,59.4,105.9622552,101.8837947
712,R4-12-47-2_tm_133,1,-59.4,-60.6,-101.8837947,-105.9622552
713,R4-12-47-2_tm_133,2,60.6,59.4,105.9622552,101.8837947
714,R4-12-47-2_tm_134,1,-59.4,-60.6,-101.8837947,-105.9622552
715,R4-12-47-2_tm_134,2,60.6,59.4,105.9622552,101.8837947
716,R4-12-47-2_tm_135,1,-59.4,-60.6,-101.8837947,-105.9622552
717,R4-12-47-2_tm_135,2,60.6,59.4,105.9622552,101.8837947
718,R4-12-47-2_tm_136,1,-59.4,-60.6,-101.8837947,-105.9622552
719,R4-12-47-2_tm_136,2,60.6,59.4,105.9622552,101.8837947
720,R4-12-47-2_tm_137,1,-59.4,-60.6,105.9622552,101.8837947
721,R4-12-47-2_tm_137,2,60.6,59.4,-101.8837947,-105.9622552
722,R4-12-47-2_tm_138,1,-59.4,-60.6,105.9622552,101.8837947
723,R4-12-47-2_tm_138,2,60.6,59.4,-101.8837947,-105.9622552
724,R4-12-47-2_tm_139,1,-59.4,-60.6,105.9622552,101.8837947
725,R4-12-47-2_tm_139,2,60.6,59.4,-101.8837947,-105.9622552
726,R4-12-47-2_tm_140,1,-59.4,-60.6,105.9622552,101.8837947
727,R4-12-47-2_tm_140,2,60.6,59.4,-101.8837947,-105.9622552
728,R4-12-47-2_tm_141,1,-59.4,-60.6,105.9622552,101.8837947
729,R4-12-47-2_tm_141,2,60.6,59.4,-101.8837947,-105.9622552
730,R4-12-47-2_tm_142,1,-59.4,-60.6,105.9622552,101.8837947
731,R4-12-47-2_tm_142,2,60.6,59.4,-101.8837947,-105.9622552
732,R4-12-47-2_tm_143,1,-59.4,-60.6,105.9622552,101.8837947
733,R4-12-47-2_tm_143,2,60.6,59.4,-101.8837947,-105.9622552
734,R4-12-47-2_tm_144,1,-59.4,-60.6,105.9622552,101.8837947
735,R4-12-47-2_tm_144,2,60.6,59.4,-101.8837947,-105.9622552
736,R4-12-47-2_tm_145,1,-59.4,-60.6,105.9622552,101.8837947
737,R4-12-47-2_tm_145,2,60.6,59.4,-101.8837947,-105.9622552
738,R4-12-47-2_tm_146,1,121.2,118.8,1,-1
739,R4-12-47-2_tm_146,2,-118.8,-121.2,1,-1
740,R4-12-47-2_tm_147,1,121.2,118.8,1,-1
741,R4-12-47-2_tm_147,2,-118.8,-121.2,1,-1
742,R4-12-47-2_tm_148,1,121.2,118.8,1,-1
743,R4-12-47-2_tm_148,2,-118.8,-121.2,1,-1
744,R4-12-47-2_tm_149,1,121.2,118.8,1,-1
745,R4-12-47-2_tm_149,2,-118.8,-121.2,1,-1
746,R4-12-47-2_tm_150,1,121.2,118.8,1,-1
747,R4-12-47-2_tm_150,2,-118.8,-121.2,1,-1
748,R4-12-47-2_tm_151,1,121.2,118.8,1,-1
749,R4-12-47-2_tm_151,2,-118.8,-121.2,1,-1
750,R4-12-47-2_tm_152,1,121.2,118.8,1,-1
751,R4-12-47-2_tm_152,2,-118.8,-121.2,1,-1
752,R4-12-47-2_tm_153,1,121.2,118.8,1,-1
753,R4-12-47-2_tm_153,2,-118.8,-121.2,1,-1
754,R4-12-47-2_tm_154,1,121.2,118.8,1,-1
755,R4-12-47-2_tm_154,2,-118.8,-121.2,1,-1
756,R4-12-47-2_tm_155,1,121.2,118.8,1,-1
757,R4-12-47-2_tm_155,2,-118.8,-121.2,1,-1
758,R4-12-47-2_tm_156,1,121.2,118.8,1,-1
759,R4-12-47-2_tm_156,2,-118.8,-121.2,1,-1
760,R4-12-47-2_tm_157,1,121.2,118.8,1,-1
761,R4-12-47-2_tm_157,2,-118.8,-121.2,1,-1
762,R4-12-47-2_tm_158,1,121.2,118.8,1,-1
763,R4-12-47-2_tm_158,2,-118.8,-121.2,1,-1
764,R4-12-47-2_tm_159,1,121.2,118.8,1,-1
765,R4-12-47-2_tm_159,2,-118.8,-121.2,1,-1
766,R4-12-47-2_tm_160,1,121.2,118.8,1,-1
767,R4-12-47-2_tm_160,2,-118.8,-121.2,1,-1
768,R4-12-47-2_tm_161,1,121.2,118.8,1,-1
769,R4-12-47-2_tm_161,2,-118.8,-121.2,1,-1
770,R4-12-47-2_tm_162,1,121.2,118.8,1,-1
771,R4-12-47-2_tm_162,2,-118.8,-121.2,1,-1
772,R4-12-47-2_tm_163,1,121.2,118.8,1,-1
773,R4-12-47-2_tm_163,2,-118.8,-121.2,1,-1
774,R4-12-47-2_tm_164,1,121.2,118.8,1,-1
775,R4-12-47-2_tm_164,2,-118.8,-121.2,1,-1
776,R4-12-47-2_tm_165,1,121.2,118.8,1,-1
777,R4-12-47-2_tm_165,2,-118.8,-121.2,1,-1
778,R4-12-47-2_tm_166,1,121.2,118.8,1,-1
779,R4-12-47-2_tm_166,2,-118.8,-121.2,1,-1
780,R4-12-47-2_tm_167,1,121.2,118.8,1,-1
781,R4-12-47-2_tm_167,2,-118.8,-121.2,1,-1
782,R4-12-47-2_tm_168,1,121.2,118.8,1,-1
783,R4-12-47-2_tm_168,2,-118.8,-121.2,1,-1
784,R4-12-47-2_tm_169,1,121.2,118.8,1,-1
785,R4-12-47-2_tm_169,2,-118.8,-121.2,1,-1
786,R4-12-47-2_tm_170,1,-59.4,-60.6,-101.8837947,-105.9622552
787,R4-12-47-2_tm_170,2,60.6,59.4,105.9622552,101.8837947
788,R4-12-47-2_tm_171,1,-59.4,-60.6,-101.8837947,-105.9622552
789,R4-12-47-2_tm_171,2,60.6,59.4,105.9622552,101.8837947
790,R4-12-47-2_tm_172,1,-59.4,-60.6,-101.8837947,-105.9622552
791,R4-12-47-2_tm_172,2,60.6,59.4,105.9622552,101.8837947
792,R4-12-47-2_tm_173,1,-59.4,-60.6,-101.8837947,-105.9622552
793,R4-12-47-2_tm_173,2,60.6,59.4,105.9622552,101.8837947
794,R4-12-47-2_tm_174,1,-59.4,-60.6,-101.8837947,-105.9622552
795,R4-12-47-2_tm_174,2,60.6,59.4,105.9622552,101.8837947
796,R4-12-47-2_tm_175,1,-59.4,-60.6,-101.8837947,-105.9622552
797,R4-12-47-2_tm_175,2,60.6,59.4,105.9622552,101.8837947
798,R4-12-47-2_tm_176,1,-59.4,-60.6,-101.8837947,-105.9622552
799,R4-12-47-2_tm_176,2,60.6,59.4,105.9622552,101.8837947
800,R4-12-47-2_tn_1,1,-59.4,-60.6,105.9622552,101.8837947
801,R4-12-47-2_tn_1,2,60.6,59.4,-101.8837947,-105.9622552
802,R4-12-47-2_tn_2,1,-59.4,-60.6,105.9622552,101.8837947
803,R4-12-47-2_tn_2,2,60.6,59.4,-101.8837947,-105.9622552
804,R4-12-47-2_tn_3,1,121.2,118.8,1,-1
805,R4-12-47-2_tn_3,2,-118.8,-121.2,1,-1
806,R4-12-47-2_tn_4,1,-59.4,-60.6,-101.8837947,-105.9622552
807,R4-12-47-2_tn_4,2,60.6,59.4,105.9622552,101.8837947
808,R4-12-47-2_tn_5,1,-59.4,-60.6,105.9622552,101.8837947
809,R4-12-47-2_tn_5,2,60.6,59.4,-101.8837947,-105.9622552
810,R4-12-47-2_tn_6,1,121.2,118.8,1,-1
811,R4-12-47-2_tn_6,2,-118.8,-121.2,1,-1
812,R4-12-47-2_tn_7,1,121.2,118.8,1,-1
813,R4-12-47-2_tn_7,2,-118.8,-121.2,1,-1
814,R4-12-47-2_tn_8,1,-59.4,-60.6,105.9622552,101.8837947
815,R4-12-47-2_tn_8,2,60.6,59.4,-101.8837947,-105.9622552
816,R4-12-47-2_tn_9,1,-59.4,-60.6,-101.8837947,-105.9622552
817,R4-12-47-2_tn_9,2,60.6,59.4,105.9622552,101.8837947
818,R4-12-47-2_tn_10,1,121.2,118.8,1,-1
819,R4-12-47-2_tn_10,2,-118.8,-121.2,1,-1
820,R4-12-47-2_tn_11,1,-59.4,-60.6,-101.8837947,-105.9622552
821,R4-12-47-2_tn_11,2,60.6,59.4,105.9622552,101.8837947
822,R4-12-47-2_tn_12,1,-59.4,-60.6,105.9622552,101.8837947
823,R4-12-47-2_tn_12,2,60.6,59.4,-101.8837947,-105.9622552
824,R4-12-47-2_tn_13,1,121.2,118.8,1,-1
825,R4-12-47-2_tn_13,2,-118.8,-121.2,1,-1
826,R4-12-47-2_tn_14,1,-59.4,-60.6,-101.8837947,-105.9622552
827,R4-12-47-2_tn_14,2,60.6,59.4,105.9622552,101.8837947
828,R4-12-47-2_tn_15,1,-59.4,-60.6,105.9622552,101.8837947
829,R4-12-47-2_tn_15,2,60.6,59.4,-101.8837947,-105.9622552
830,R4-12-47-2_tn_16,1,-59.4,-60.6,105.9622552,101.8837947
831,R4-12-47-2_tn_16,2,60.6,59.4,-101.8837947,-105.9622552
832,R4-12-47-2_tn_17,1,-59.4,-60.6,105.9622552,101.8837947
833,R4-12-47-2_tn_17,2,60.6,59.4,-101.8837947,-105.9622552
834,R4-12-47-2_tn_18,1,-59.4,-60.6,105.9622552,101.8837947
835,R4-12-47-2_tn_18,2,60.6,59.4,-101.8837947,-105.9622552
836,R4-12-47-2_tn_19,1,-59.4,-60.6,105.9622552,101.8837947
837,R4-12-47-2_tn_19,2,60.6,59.4,-101.8837947,-105.9622552
838,R4-12-47-2_tn_20,1,121.2,118.8,1,-1
839,R4-12-47-2_tn_20,2,-118.8,-121.2,1,-1
840,R4-12-47-2_tn_21,1,-59.4,-60.6,105.9622552,101.8837947
841,R4-12-47-2_tn_21,2,60.6,59.4,-101.8837947,-105.9622552
842,R4-12-47-2_tn_22,1,-59.4,-60.6,105.9622552,101.8837947
843,R4-12-47-2_tn_22,2,60.6,59.4,-101.8837947,-105.9622552
844,R4-12-47-2_tn_23,1,121.2,118.8,1,-1
845,R4-12-47-2_tn_23,2,-118.8,-121.2,1,-1
846,R4-12-47-2_tn_24,1,121.2,118.8,1,-1
847,R4-12-47-2_tn_24,2,-118.8,-121.2,1,-1
848,R4-12-47-2_tn_25,1,121.2,118.8,1,-1
849,R4-12-47-2_tn_25,2,-118.8,-121.2,1,-1
850,R4-12-47-2_tn_26,1,121.2,118.8,1,-1
851,R4-12-47-2_tn_26,2,-118.8,-121.2,1,-1
852,R4-12-47-2_tn_27,1,-59.4,-60.6,-101.8837947,-105.9622552
853,R4-12-47-2_tn_27,2,60.6,59.4,105.9622552,101.8837947
854,R4-12-47-2_tn_28,1,-59.4,-60.6,-101.8837947,-105.9622552
855,R4-12-47-2_tn_28,2,60.6,59.4,105.9622552,101.8837947
856,R4-12-47-2_tn_29,1,-59.4,-60.6,-101.8837947,-105.9622552
857,R4-12-47-2_tn_29,2,60.6,59.4,105.9622552,101.8837947
858,R4-12-47-2_tn_30,1,121.2,118.8,1,-1
859,R4-12-47-2_tn_30,2,-118.8,-121.2,1,-1
860,R4-12-47-2_tn_31,1,121.2,118.8,1,-1
861,R4-12-47-2_tn_31,2,-118.8,-121.2,1,-1
862,R4-12-47-2_tn_32,1,121.2,118.8,1,-1
863,R4-12-47-2_tn_32,2,-118.8,-121.2,1,-1
864,R4-12-47-2_tn_33,1,121.2,118.8,1,-1
865,R4-12-47-2_tn_33,2,-118.8,-121.2,1,-1
866,R4-12-47-2_tn_34,1,121.2,118.8,1,-1
867,R4-12-47-2_tn_34,2,-118.8,-121.2,1,-1
868,R4-12-47-2_tn_35,1,-59.4,-60.6,-101.8837947,-105.9622552
869,R4-12-47-2_tn_35,2,60.6,59.4,105.9622552,101.8837947
870,R4-12-47-2_tn_36,1,-59.4,-60.6,-101.8837947,-105.9622552
871,R4-12-47-2_tn_36,2,60.6,59.4,105.9622552,101.8837947
872,R4-12-47-2_tn_37,1,-59.4,-60.6,-101.8837947,-105.9622552
873,R4-12-47-2_tn_37,2,60.6,59.4,105.9622552,101.8837947
874,R4-12-47-2_tn_38,1,-59.4,-60.6,-101.8837947,-105.9622552
875,R4-12-47-2_tn_38,2,60.6,59.4,105.9622552,101.8837947
876,R4-12-47-2_tn_39,1,-59.4,-60.6,105.9622552,101.8837947
877,R4-12-47-2_tn_39,2,60.6,59.4,-101.8837947,-105.9622552
878,R4-12-47-2_tn_40,1,-59.4,-60.6,105.9622552,101.8837947
879,R4-12-47-2_tn_40,2,60.6,59.4,-101.8837947,-105.9622552
880,R4-12-47-2_tn_41,1,-59.4,-60.6,105.9622552,101.8837947
881,R4-12-47-2_tn_41,2,60.6,59.4,-101.8837947,-105.9622552
882,R4-12-47-2_tn_42,1,-59.4,-60.6,105.9622552,101.8837947
883,R4-12-47-2_tn_42,2,60.6,59.4,-101.8837947,-105.9622552
884,R4-12-47-2_tn_43,1,-59.4,-60.6,105.9622552,101.8837947
885,R4-12-47-2_tn_43,2,60.6,59.4,-101.8837947,-105.9622552
886,R4-12-47-2_tn_44,1,-59.4,-60.6,-101.8837947,-105.9622552
887,R4-12-47-2_tn_44,2,60.6,59.4,105.9622552,101.8837947
888,R4-12-47-2_tn_45,1,-59.4,-60.6,-101.8837947,-105.9622552
889,R4-12-47-2_tn_45,2,60.6,59.4,105.9622552,101.8837947
890,R4-12-47-2_tn_46,1,-59.4,-60.6,-101.8837947,-105.9622552
891,R4-12-47-2_tn_46,2,60.6,59.4,105.9622552,101.8837947
892,R4-12-47-2_tn_47,1,-59.4,-60.6,-101.8837947,-105.9622552
893,R4-12-47-2_tn_47,2,60.6,59.4,105.9622552,101.8837947
894,R4-12-47-2_tn_48,1,-59.4,-60.6,-101.8837947,-105.9622552
895,R4-12-47-2_tn_48,2,60.6,59.4,105.9622552,101.8837947
896,R4-12-47-2_tn_49,1,-59.4,-60.6,-101.8837947,-105.9622552
897,R4-12-47-2_tn_49,2,60.6,59.4,105.9622552,101.8837947
898,R4-12-47-2_tn_50,1,121.2,118.8,1,-1
899,R4-12-47-2_tn_50,2,-118.8,-121.2,1,-1
900,R4-12-47-2_tn_51,1,-59.4,-60.6,-101.8837947,-105.9622552
901,R4-12-47-2_tn_51,2,60.6,59.4,105.9622552,101.8837947
902,R4-12-47-2_tn_52,1,121.2,118.8,1,-1
903,R4-12-47-2_tn_52,2,-118.8,-121.2,1,-1
904,R4-12-47-2_tn_53,1,-59.4,-60.6,105.9622552,101.8837947
905,R4-12-47-2_tn_53,2,60.6,59.4,-101.8837947,-105.9622552
906,R4-12-47-2_tn_54,1,121.2,118.8,1,-1
907,R4-12-47-2_tn_54,2,-118.8,-121.2,1,-1
908,R4-12-47-2_tn_55,1,-59.4,-60.6,105.9622552,101.8837947
909,R4-12-47-2_tn_55,2,60.6,59.4,-101.8837947,-105.9622552
910,R4-12-47-2_tn_56,1,-59.4,-60.6,105.9622552,101.8837947
911,R4-12-47-2_tn_56,2,60.6,59.4,-101.8837947,-105.9622552
912,R4-12-47-2_tn_57,1,-59.4,-60.6,105.9622552,101.8837947
913,R4-12-47-2_tn_57,2,60.6,59.4,-101.8837947,-105.9622552
914,R4-12-47-2_tn_58,1,-59.4,-60.6,105.9622552,101.8837947
915,R4-12-47-2_tn_58,2,60.6,59.4,-101.8837947,-105.9622552
916,R4-12-47-2_tn_59,1,121.2,118.8,1,-1
917,R4-12-47-2_tn_59,2,-118.8,-121.2,1,-1
918,R4-12-47-2_tn_60,1,-59.4,-60.6,-101.8837947,-105.9622552
919,R4-12-47-2_tn_60,2,60.6,59.4,105.9622552,101.8837947
920,R4-12-47-2_tn_61,1,-59.4,-60.6,105.9622552,101.8837947
921,R4-12-47-2_tn_61,2,60.6,59.4,-101.8837947,-105.9622552
922,R4-12-47-2_tn_62,1,121.2,118.8,1,-1
923,R4-12-47-2_tn_62,2,-118.8,-121.2,1,-1
924,R4-12-47-2_tn_63,1,-59.4,-60.6,-101.8837947,-105.9622552
925,R4-12-47-2_tn_63,2,60.6,59.4,105.9622552,101.8837947
926,R4-12-47-2_tn_64,1,-59.4,-60.6,105.9622552,101.8837947
927,R4-12-47-2_tn_64,2,60.6,59.4,-101.8837947,-105.9622552
928,R4-12-47-2_tn_65,1,121.2,118.8,1,-1
929,R4-12-47-2_tn_65,2,-118.8,-121.2,1,-1
930,R4-12-47-2_tn_66,1,-59.4,-60.6,-101.8837947,-105.9622552
931,R4-12-47-2_tn_66,2,60.6,59.4,105.9622552,101.8837947
932,R4-12-47-2_tn_67,1,-59.4,-60.6,105.9622552,101.8837947
933,R4-12-47-2_tn_67,2,60.6,59.4,-101.8837947,-105.9622552
934,R4-12-47-2_tn_68,1,121.2,118.8,1,-1
935,R4-12-47-2_tn_68,2,-118.8,-121.2,1,-1
936,R4-12-47-2_tn_69,1,-59.4,-60.6,-101.8837947,-105.9622552
937,R4-12-47-2_tn_69,2,60.6,59.4,105.9622552,101.8837947
938,R4-12-47-2_tn_70,1,-59.4,-60.6,105.9622552,101.8837947
939,R4-12-47-2_tn_70,2,60.6,59.4,-101.8837947,-105.9622552
940,R4-12-47-2_tn_71,1,121.2,118.8,1,-1
941,R4-12-47-2_tn_71,2,-118.8,-121.2,1,-1
942,R4-12-47-2_tn_72,1,-59.4,-60.6,-101.8837947,-105.9622552
943,R4-12-47-2_tn_72,2,60.6,59.4,105.9622552,101.8837947
944,R4-12-47-2_tn_73,1,-59.4,-60.6,105.9622552,101.8837947
945,R4-12-47-2_tn_73,2,60.6,59.4,-101.8837947,-105.9622552
946,R4-12-47-2_tn_74,1,121.2,118.8,1,-1
947,R4-12-47-2_tn_74,2,-118.8,-121.2,1,-1
948,R4-12-47-2_tn_75,1,-59.4,-60.6,-101.8837947,-105.9622552
949,R4-12-47-2_tn_75,2,60.6,59.4,105.9622552,101.8837947
950,R4-12-47-2_tn_76,1,-59.4,-60.6,105.9622552,101.8837947
951,R4-12-47-2_tn_76,2,60.6,59.4,-101.8837947,-105.9622552
952,R4-12-47-2_tn_77,1,-59.4,-60.6,105.9622552,101.8837947
953,R4-12-47-2_tn_77,2,60.6,59.4,-101.8837947,-105.9622552
954,R4-12-47-2_tn_78,1,-59.4,-60.6,105.9622552,101.8837947
955,R4-12-47-2_tn_78,2,60.6,59.4,-101.8837947,-105.9622552
956,R4-12-47-2_tn_79,1,-59.4,-60.6,105.9622552,101.8837947
957,R4-12-47-2_tn_79,2,60.6,59.4,-101.8837947,-105.9622552
958,R4-12-47-2_tn_80,1,-59.4,-60.6,105.9622552,101.8837947
959,R4-12-47-2_tn_80,2,60.6,59.4,-101.8837947,-105.9622552
960,R4-12-47-2_tn_81,1,121.2,118.8,1,-1
961,R4-12-47-2_tn_81,2,-118.8,-121.2,1,-1
962,R4-12-47-2_tn_82,1,-59.4,-60.6,105.9622552,101.8837947
963,R4-12-47-2_tn_82,2,60.6,59.4,-101.8837947,-105.9622552
964,R4-12-47-2_tn_83,1,121.2,118.8,1,-1
965,R4-12-47-2_tn_83,2,-118.8,-121.2,1,-1
966,R4-12-47-2_tn_84,1,-59.4,-60.6,105.9622552,101.8837947
967,R4-12-47-2_tn_84,2,60.6,59.4,-101.8837947,-105.9622552
968,R4-12-47-2_tn_85,1,-59.4,-60.6,105.9622552,101.8837947
969,R4-12-47-2_tn_85,2,60.6,59.4,-101.8837947,-105.9622552
970,R4-12-47-2_tn_86,1,121.2,118.8,1,-1
971,R4-12-47-2_tn_86,2,-118.8,-121.2,1,-1
972,R4-12-47-2_tn_87,1,-59.4,-60.6,-101.8837947,-105.9622552
973,R4-12-47-2_tn_87,2,60.6,59.4,105.9622552,101.8837947
974,R4-12-47-2_tn_88,1,-59.4,-60.6,105.9622552,101.8837947
975,R4-12-47-2_tn_88,2,60.6,59.4,-101.8837947,-105.9622552
976,R4-12-47-2_tn_89,1,121.2,118.8,1,-1
977,R4-12-47-2_tn_89,2,-118.8,-121.2,1,-1
978,R4-12-47-2_tn_90,1,-59.4,-60.6,-101.8837947,-105.9622552
979,R4-12-47-2_tn_90,2,60.6,59.4,105.9622552,101.8837947
980,R4-12-47-2_tn_91,1,-59.4,-60.6,105.9622552,101.8837947
981,R4-12-47-2_tn_91,2,60.6,59.4,-101.8837947,-105.9622552
982,R4-12-47-2_tn_92,1,121.2,118.8,1,-1
983,R4-12-47-2_tn_92,2,-118.8,-121.2,1,-1
984,R4-12-47-2_tn_93,1,-59.4,-60.6,-101.8837947,-105.9622552
985,R4-12-47-2_tn_93,2,60.6,59.4,105.9622552,101.8837947
986,R4-12-47-2_tn_94,1,-59.4,-60.6,105.9622552,101.8837947
987,R4-12-47-2_tn_94,2,60.6,59.4,-101.8837947,-105.9622552
988,R4-12-47-2_tn_95,1,121.2,118.8,1,-1
989,R4-12-47-2_tn_95,2,-118.8,-121.2,1,-1
990,R4-12-47-2_tn_96,1,-59.4,-60.6,-101.8837947,-105.9622552
991,R4-12-47-2_tn_96,2,60.6,59.4,105.9622552,101.8837947
992,R4-12-47-2_tn_97,1,-59.4,-60.6,105.9622552,101.8837947
993,R4-12-47-2_tn_97,2,60.6,59.4,-101.8837947,-105.9622552
994,R4-12-47-2_tn_98,1,121.2,118.8,1,-1
995,R4-12-47-2_tn_98,2,-118.8,-121.2,1,-1
996,R4-12-47-2_tn_99,1,-59.4,-60.6,-101.8837947,-105.9622552
997,R4-12-47-2_tn_99,2,60.6,59.4,105.9622552,101.8837947
998,R4-12-47-2_tn_100,1,-59.4,-60.6,105.9622552,101.8837947
999,R4-12-47-2_tn_100,2,60.6,59.4,-101.8837947,-105.9622552
1000,R4-12-47-2_tn_101,1,121.2,118.8,1,-1
1001,R4-12-47-2_tn_101,2,-118.8,-121.2,1,-1
1002,R4-12-47-2_tn_102,1,-59.4,-60.6,-101.8837947,-105.9622552
1003,R4-12-47-2_tn_102,2,60.6,59.4,105.9622552,101.8837947
1004,R4-12-47-2_tn_103,1,-59.4,-60.6,105.9622552,101.8837947
1005,R4-12-47-2_tn_103,2,60.6,59.4,-101.8837947,-105.9622552
1006,R4-12-47-2_tn_104,1,-59.4,-60.6,-101.8837947,-105.9622552
1007,R4-12-47-2_tn_104,2,60.6,59.4,105.9622552,101.8837947
1008,R4-12-47-2_tn_105,1,-59.4,-60.6,-101.8837947,-105.9622552
1009,R4-12-47-2_tn_105,2,60.6,59.4,105.9622552,101.8837947
1010,R4-12-47-2_tn_106,1,-59.4,-60.6,-101.8837947,-105.9622552
1011,R4-12-47-2_tn_106,2,60.6,59.4,105.9622552,101.8837947
1012,R4-12-47-2_tn_107,1,121.2,118.8,1,-1
1013,R4-12-47-2_tn_107,2,-118.8,-121.2,1,-1
1014,R4-12-47-2_tn_108,1,121.2,118.8,1,-1
1015,R4-12-47-2_tn_108,2,-118.8,-121.2,1,-1
1016,R4-12-47-2_tn_109,1,121.2,118.8,1,-1
1017,R4-12-47-2_tn_109,2,-118.8,-121.2,1,-1
1018,R4-12-47-2_tn_110,1,121.2,118.8,1,-1
1019,R4-12-47-2_tn_110,2,-118.8,-121.2,1,-1
1020,R4-12-47-2_tn_111,1,121.2,118.8,1,-1
1021,R4-12-47-2_tn_111,2,-118.8,-121.2,1,-1
1022,R4-12-47-2_tn_112,1,121.2,118.8,1,-1
1023,R4-12-47-2_tn_112,2,-118.8,-121.2,1,-1
1024,R4-12-47-2_tn_113,1,121.2,118.8,1,-1
1025,R4-12-47-2_tn_113,2,-118.8,-121.2,1,-1
1026,R4-12-47-2_tn_114,1,-59.4,-60.6,-101.8837947,-105.9622552
1027,R4-12-47-2_tn_114,2,60.6,59.4,105.9622552,101.8837947
1028,R4-12-47-2_tn_115,1,-59.4,-60.6,-101.8837947,-105.9622552
1029,R4-12-47-2_tn_115,2,60.6,59.4,105.9622552,101.8837947
1030,R4-12-47-2_tn_116,1,-59.4,-60.6,-101.8837947,-105.9622552
1031,R4-12-47-2_tn_116,2,60.6,59.4,105.9622552,101.8837947
1032,R4-12-47-2_tn_117,1,-59.4,-60.6,-101.8837947,-105.9622552
1033,R4-12-47-2_tn_117,2,60.6,59.4,105.9622552,101.8837947
1034,R4-12-47-2_tn_118,1,-59.4,-60.6,-101.8837947,-105.9622552
1035,R4-12-47-2_tn_118,2,60.6,59.4,105.9622552,101.8837947
1036,R4-12-47-2_tn_119,1,-59.4,-60.6,-101.8837947,-105.9622552
1037,R4-12-47-2_tn_119,2,60.6,59.4,105.9622552,101.8837947
1038,R4-12-47-2_tn_120,1,-59.4,-60.6,-101.8837947,-105.9622552
1039,R4-12-47-2_tn_120,2,60.6,59.4,105.9622552,101.8837947
1040,R4-12-47-2_tn_121,1,121.2,118.8,1,-1
1041,R4-12-47-2_tn_121,2,-118.8,-121.2,1,-1
1042,R4-12-47-2_tn_122,1,121.2,118.8,1,-1
1043,R4-12-47-2_tn_122,2,-118.8,-121.2,1,-1
1044,R4-12-47-2_tn_123,1,121.2,118.8,1,-1
1045,R4-12-47-2_tn_123,2,-118.8,-121.2,1,-1
1046,R4-12-47-2_tn_124,1,121.2,118.8,1,-1
1047,R4-12-47-2_tn_124,2,-118.8,-121.2,1,-1
1048,R4-12-47-2_tn_125,1,121.2,118.8,1,-1
1049,R4-12-47-2_tn_125,2,-118.8,-121.2,1,-1
1050,R4-12-47-2_tn_126,1,-59.4,-60.6,-101.8837947,-105.9622552
1051,R4-12-47-2_tn_126,2,60.6,59.4,105.9622552,101.8837947
1052,R4-12-47-2_tn_127,1,-59.4,-60.6,-101.8837947,-105.9622552
1053,R4-12-47-2_tn_127,2,60.6,59.4,105.9622552,101.8837947
1054,R4-12-47-2_tn_128,1,-59.4,-60.6,-101.8837947,-105.9622552
1055,R4-12-47-2_tn_128,2,60.6,59.4,105.9622552,101.8837947
1056,R4-12-47-2_tn_129,1,-59.4,-60.6,-101.8837947,-105.9622552
1057,R4-12-47-2_tn_129,2,60.6,59.4,105.9622552,101.8837947
1058,R4-12-47-2_tn_130,1,-59.4,-60.6,-101.8837947,-105.9622552
1059,R4-12-47-2_tn_130,2,60.6,59.4,105.9622552,101.8837947
1060,R4-12-47-2_tn_131,1,-59.4,-60.6,-101.8837947,-105.9622552
1061,R4-12-47-2_tn_131,2,60.6,59.4,105.9622552,101.8837947
1062,R4-12-47-2_tn_132,1,-59.4,-60.6,-101.8837947,-105.9622552
1063,R4-12-47-2_tn_132,2,60.6,59.4,105.9622552,101.8837947
1064,R4-12-47-2_tn_133,1,-59.4,-60.6,-101.8837947,-105.9622552
1065,R4-12-47-2_tn_133,2,60.6,59.4,105.9622552,101.8837947
1066,R4-12-47-2_tn_134,1,-59.4,-60.6,-101.8837947,-105.9622552
1067,R4-12-47-2_tn_134,2,60.6,59.4,105.9622552,101.8837947
1068,R4-12-47-2_tn_135,1,-59.4,-60.6,-101.8837947,-105.9622552
1069,R4-12-47-2_tn_135,2,60.6,59.4,105.9622552,101.8837947
1070,R4-12-47-2_tn_136,1,-59.4,-60.6,-101.8837947,-105.9622552
1071,R4-12-47-2_tn_136,2,60.6,59.4,105.9622552,101.8837947
1072,R4-12-47-2_tn_137,1,-59.4,-60.6,105.9622552,101.8837947
1073,R4-12-47-2_tn_137,2,60.6,59.4,-101.8837947,-105.9622552
1074,R4-12-47-2_tn_138,1,-59.4,-60.6,105.9622552,101.8837947
1075,R4-12-47-2_tn_138,2,60.6,59.4,-101.8837947,-105.9622552
1076,R4-12-47-2_tn_139,1,-59.4,-60.6,105.9622552,101.8837947
1077,R4-12-47-2_tn_139,2,60.6,59.4,-101.8837947,-105.9622552
1078,R4-12-47-2_tn_140,1,-59.4,-60.6,105.9622552,101.8837947
1079,R4-12-47-2_tn_140,2,60.6,59.4,-101.8837947,-105.9622552
1080,R4-12-47-2_tn_141,1,-59.4,-60.6,105.9622552,101.8837947
1081,R4-12-47-2_tn_141,2,60.6,59.4,-101.8837947,-105.9622552
1082,R4-12-47-2_tn_142,1,-59.4,-60.6,105.9622552,101.8837947
1083,R4-12-47-2_tn_142,2,60.6,59.4,-101.8837947,-105.9622552
1084,R4-12-47-2_tn_143,1,-59.4,-60.6,105.9622552,101.8837947
1085,R4-12-47-2_tn_143,2,60.6,59.4,-101.8837947,-105.9622552
1086,R4-12-47-2_tn_144,1,-59.4,-60.6,105.9622552,101.8837947
1087,R4-12-47-2_tn_144,2,60.6,59.4,-101.8837947,-105.9622552
1088,R4-12-47-2_tn_145,1,-59.4,-60.6,105.9622552,101.8837947
1089,R4-12-47-2_tn_145,2,60.6,59.4,-101.8837947,-105.9622552
1090,R4-12-47-2_tn_146,1,121.2,118.8,1,-1
1091,R4-12-47-2_tn_146,2,-118.8,-121.2,1,-1
1092,R4-12-47-2_tn_147,1,121.2,118.8,1,-1
1093,R4-12-47-2_tn_147,2,-118.8,-121.2,1,-1
1094,R4-12-47-2_tn_148,1,121.2,118.8,1,-1
1095,R4-12-47-2_tn_148,2,-118.8,-121.2,1,-1
1096,R4-12-47-2_tn_149,1,121.2,118.8,1,-1
1097,R4-12-47-2_tn_149,2,-118.8,-121.2,1,-1
1098,R4-12-47-2_tn_150,1,121.2,118.8,1,-1
1099,R4-12-47-2_tn_150,2,-118.8,-121.2,1,-1
1100,R4-12-47-2_tn_151,1,121.2,118.8,1,-1
1101,R4-12-47-2_tn_151,2,-118.8,-121.2,1,-1
1102,R4-12-47-2_tn_152,1,121.2,118.8,1,-1
1103,R4-12-47-2_tn_152,2,-118.8,-121.2,1,-1
1104,R4-12-47-2_tn_153,1,121.2,118.8,1,-1
1105,R4-12-47-2_tn_153,2,-118.8,-121.2,1,-1
1106,R4-12-47-2_tn_154,1,121.2,118.8,1,-1
1107,R4-12-47-2_tn_154,2,-118.8,-121.2,1,-1
1108,R4-12-47-2_tn_155,1,121.2,118.8,1,-1
1109,R4-12-47-2_tn_155,2,-118.8,-121.2,1,-1
1110,R4-12-47-2_tn_156,1,121.2,118.8,1,-1
1111,R4-12-47-2_tn_156,2,-118.8,-121.2,1,-1
1112,R4-12-47-2_tn_157,1,121.2,118.8,1,-1
1113,R4-12-47-2_tn_157,2,-118.8,-121.2,1,-1
1114,R4-12-47-2_tn_158,1,121.2,118.8,1,-1
1115,R4-12-47-2_tn_158,2,-118.8,-121.2,1,-1
1116,R4-12-47-2_tn_159,1,121.2,118.8,1,-1
1117,R4-12-47-2_tn_159,2,-118.8,-121.2,1,-1
1118,R4-12-47-2_tn_160,1,121.2,118.8,1,-1
1119,R4-12-47-2_tn_160,2,-118.8,-121.2,1,-1
1120,R4-12-47-2_tn_161,1,121.2,118.8,1,-1
1121,R4-12-47-2_tn_161,2,-118.8,-121.2,1,-1
1122,R4-12-47-2_tn_162,1,121.2,118.8,1,-1
1123,R4-12-47-2_tn_162,2,-118.8,-121.2,1,-1
1124,R4-12-47-2_tn_163,1,121.2,118.8,1,-1
1125,R4-12-47-2_tn_163,2,-118.8,-121.2,1,-1
1126,R4-12-47-2_tn_164,1,121.2,118.8,1,-1
1127,R4-12-47-2_tn_164,2,-118.8,-121.2,1,-1
1128,R4-12-47-2_tn_165,1,121.2,118.8,1,-1
1129,R4-12-47-2_tn_165,2,-118.8,-121.2,1,-1
1130,R4-12-47-2_tn_166,1,121.2,118.8,1,-1
1131,R4-12-47-2_tn_166,2,-118.8,-121.2,1,-1
1132,R4-12-47-2_tn_167,1,121.2,118.8,1,-1
1133,R4-12-47-2_tn_167,2,-118.8,-121.2,1,-1
1134,R4-12-47-2_tn_168,1,121.2,118.8,1,-1
1135,R4-12-47-2_tn_168,2,-118.8,-121.2,1,-1
1136,R4-12-47-2_tn_169,1,121.2,118.8,1,-1
1137,R4-12-47-2_tn_169,2,-118.8,-121.2,1,-1
1138,R4-12-47-2_tn_170,1,-59.4,-60.6,-101.8837947,-105.9622552
1139,R4-12-47-2_tn_170,2,60.6,59.4,105.9622552,101.8837947
1140,R4-12-47-2_tn_171,1,-59.4,-60.6,-101.8837947,-105.9622552
1141,R4-12-47-2_tn_171,2,60.6,59.4,105.9622552,101.8837947
1142,R4-12-47-2_tn_172,1,-59.4,-60.6,-101.8837947,-105.9622552
1143,R4-12-47-2_tn_172,2,60.6,59.4,105.9622552,101.8837947
1144,R4-12-47-2_tn_173,1,-59.4,-60.6,-101.8837947,-105.9622552
1145,R4-12-47-2_tn_173,2,60.6,59.4,105.9622552,101.8837947
1146,R4-12-47-2_tn_174,1,-59.4,-60.6,-101.8837947,-105.9622552
1147,R4-12-47-2_tn_174,2,60.6,59.4,105.9622552,101.8837947
1148,R4-12-47-2_tn_175,1,-59.4,-60.6,-101.8837947,-105.9622552
1149,R4-12-47-2_tn_175,2,60.6,59.4,105.9622552,101.8837947
1150,R4-12-47-2_tn_176,1,-59.4,-60.6,-101.8837947,-105.9622552
1151,R4-12-47-2_tn_176,2,60.6,59.4,105.9622552,101.8837947
1152,R4-12-47-2_xfmr_1_primary,C,-3572.3556,-3644.5244,6313.5,6186.5
1153,R4-12-47-2_xfmr_1_sending_1,1,-59.4,-60.6,105.9622552,101.8837947
1154,R4-12-47-2_xfmr_1_sending_2,2,60.6,59.4,-101.8837947,-105.9622552
1155,R4-12-47-2_xfmr_2_primary,C,-3572.3556,-3644.5244,6313.5,6186.5
1156,R4-12-47-2_xfmr_2_sending_1,1,-59.4,-60.6,105.9622552,101.8837947
1157,R4-12-47-2_xfmr_2_sending_2,2,60.6,59.4,-101.8837947,-105.9622552
1158,R4-12-47-2_xfmr_3_primary,A,7289.0488,7144.7112,1,-1
1159,R4-12-47-2_xfmr_3_sending_1,1,121.2,118.8,1,-1
1160,R4-12-47-2_xfmr_3_sending_2,2,-118.8,-121.2,1,-1
1161,R4-12-47-2_xfmr_4_primary,B,-3572.3556,-3644.5244,-6186.5,-6313.5
1162,R4-12-47-2_xfmr_4_sending_1,1,-59.4,-60.6,-101.8837947,-105.9622552
1163,R4-12-47-2_xfmr_4_sending_2,2,60.6,59.4,105.9622552,101.8837947
1164,R4-12-47-2_xfmr_5_primary,C,-3572.3556,-3644.5244,6313.5,6186.5
1165,R4-12-47-2_xfmr_5_sending_1,1,-59.4,-60.6,105.9622552,101.8837947
1166,R4-12-47-2_xfmr_5_sending_2,2,60.6,59.4,-101.8837947,-105.9622552
1167,R4-12-47-2_xfmr_6_primary,A,7289.0488,7144.7112,1,-1
1168,R4-12-47-2_xfmr_6_sending_1,1,121.2,118.8,1,-1
1169,R4-12-47-2_xfmr_6_sending_2,2,-118.8,-121.2,1,-1
1170,R4-12-47-2_xfmr_7_primary,A,7289.0488,7144.7112,1,-1
1171,R4-12-47-2_xfmr_7_sending_1,1,121.2,118.8,1,-1
1172,R4-12-47-2_xfmr_7_sending_2,2,-118.8,-121.2,1,-1
1173,R4-12-47-2_xfmr_8_primary,C,-3572.3556,-3644.5244,6313.5,6186.5
1174,R4-12-47-2_xfmr_8_sending_1,1,-59.4,-60.6,105.9622552,101.8837947
1175,R4-12-47-2_xfmr_8_sending_2,2,60.6,59.4,-101.8837947,-105.9622552
1176,R4-12-47-2_xfmr_9_primary,B,-3572.3556,-3644.5244,-6186.5,-6313.5
1177,R4-12-47-2_xfmr_9_sending_1,1,-59.4,-60.6,-101.8837947,-105.9622552
1178,R4-12-47-2_xfmr_9_sending_2,2,60.6,59.4,105.9622552,101.8837947
1179,R4-12-47-2_xfmr_10_primary,A,7289.0488,7144.7112,1,-1
1180,R4-12-47-2_xfmr_10_sending_1,1,121.2,118.8,1,-1
1181,R4-12-47-2_xfmr_10_sending_2,2,-118.8,-121.2,1,-1
1182,R4-12-47-2_xfmr_11_primary,B,-3572.3556,-3644.5244,-6186.5,-6313.5
1183,R4-12-47-2_xfmr_11_sending_1,1,-59.4,-60.6,-101.8837947,-105.9622552
1184,R4-12-47-2_xfmr_11_sending_2,2,60.6,59.4,105.9622552,101.8837947
1185,R4-12-47-2_xfmr_12_primary,C,-3572.3556,-3644.5244,6313.5,6186.5
1186,R4-12-47-2_xfmr_12_sending_1,1,-59.4,-60.6,105.9622552,101.8837947
1187,R4-12-47-2_xfmr_12_sending_2,2,60.6,59.4,-101.8837947,-105.9622552
1188,R4-12-47-2_xfmr_13_primary,A,7289.0488,7144.7112,1,-1
1189,R4-12-47-2_xfmr_13_sending_1,1,121.2,118.8,1,-1
1190,R4-12-47-2_xfmr_13_sending_2,2,-118.8,-121.2,1,-1
1191,R4-12-47-2_xfmr_14_primary,B,-3572.3556,-3644.5244,-6186.5,-6313.5
1192,R4-12-47-2_xfmr_14_sending_1,1,-59.4,-60.6,-101.8837947,-105.9622552
1193,R4-12-47-2_xfmr_14_sending_2,2,60.6,59.4,105.9622552,101.8837947
1194,R4-12-47-2_xfmr_15_primary,C,-3572.3556,-3644.5244,6313.5,6186.5
1195,R4-12-47-2_xfmr_15_sending_1,1,-59.4,-60.6,105.9622552,101.8837947
1196,R4-12-47-2_xfmr_15_sending_2,2,60.6,59.4,-101.8837947,-105.9622552
1197,R4-12-47-2_xfmr_16_primary,C,-3572.3556,-3644.5244,6313.5,6186.5
1198,R4-12-47-2_xfmr_16_sending_1,1,-59.4,-60.6,105.9622552,101.8837947
1199,R4-12-47-2_xfmr_16_sending_2,2,60.6,59.4,-101.8837947,-105.9622552
1200,R4-12-47-2_xfmr_17_primary,C,-3572.3556,-3644.5244,6313.5,6186.5
1201,R4-12-47-2_xfmr_17_sending_1,1,-59.4,-60.6,105.9622552,101.8837947
1202,R4-12-47-2_xfmr_17_sending_2,2,60.6,59.4,-101.8837947,-105.9622552
1203,R4-12-47-2_xfmr_18_primary,C,-3572.3556,-3644.5244,6313.5,6186.5
1204,R4-12-47-2_xfmr_18_sending_1,1,-59.4,-60.6,105.9622552,101.8837947
1205,R4-12-47-2_xfmr_18_sending_2,2,60.6,59.4,-101.8837947,-105.9622552
1206,R4-12-47-2_xfmr_19_primary,C,-3572.3556,-3644.5244,6313.5,6186.5
1207,R4-12-47-2_xfmr_19_sending_1,1,-59.4,-60.6,105.9622552,101.8837947
1208,R4-12-47-2_xfmr_19_sending_2,2,60.6,59.4,-101.8837947,-105.9622552
1209,R4-12-47-2_xfmr_20_primary,A,7289.0488,7144.7112,1,-1
1210,R4-12-47-2_xfmr_20_sending_1,1,121.2,118.8,1,-1
1211,R4-12-47-2_xfmr_20_sending_2,2,-118.8,-121.2,1,-1
1212,R4-12-47-2_xfmr_21_primary,C,-3572.3556,-3644.5244,6313.5,6186.5
1213,R4-12-47-2_xfmr_21_sending_1,1,-59.4,-60.6,105.9622552,101.8837947
1214,R4-12-47-2_xfmr_21_sending_2,2,60.6,59.4,-101.8837947,-105.9622552
1215,R4-12-47-2_xfmr_22_primary,C,-3572.3556,-3644.5244,6313.5,6186.5
1216,R4-12-47-2_xfmr_22_sending_1,1,-59.4,-60.6,105.9622552,101.8837947
1217,R4-12-47-2_xfmr_22_sending_2,2,60.6,59.4,-101.8837947,-105.9622552
1218,R4-12-47-2_xfmr_23_primary,A,7289.0488,7144.7112,1,-1
1219,R4-12-47-2_xfmr_23_sending_1,1,121.2,118.8,1,-1
1220,R4-12-47-2_xfmr_23_sending_2,2,-118.8,-121.2,1,-1
1221,R4-12-47-2_xfmr_24_primary,A,7289.0488,7144.7112,1,-1
1222,R4-12-47-2_xfmr_24_sending_1,1,121.2,118.8,1,-1
1223,R4-12-47-2_xfmr_24_sending_2,2,-118.8,-121.2,1,-1
1224,R4-12-47-2_xfmr_25_primary,A,7289.0488,7144.7112,1,-1
1225,R4-12-47-2_xfmr_25_sending_1,1,121.2,118.8,1,-1
1226,R4-12-47-2_xfmr_25_sending_2,2,-118.8,-121.2,1,-1
1227,R4-12-47-2_xfmr_26_primary,A,7289.0488,7144.7112,1,-1
1228,R4-12-47-2_xfmr_26_sending_1,1,121.2,118.8,1,-1
1229,R4-12-47-2_xfmr_26_sending_2,2,-118.8,-121.2,1,-1
1230,R4-12-47-2_xfmr_27_primary,B,-3572.3556,-3644.5244,-6186.5,-6313.5
1231,R4-12-47-2_xfmr_27_sending_1,1,-59.4,-60.6,-101.8837947,-105.9622552
1232,R4-12-47-2_xfmr_27_sending_2,2,60.6,59.4,105.9622552,101.8837947
1233,R4-12-47-2_xfmr_28_primary,B,-3572.3556,-3644.5244,-6186.5,-6313.5
1234,R4-12-47-2_xfmr_28_sending_1,1,-59.4,-60.6,-101.8837947,-105.9622552
1235,R4-12-47-2_xfmr_28_sending_2,2,60.6,59.4,105.9622552,101.8837947
1236,R4-12-47-2_xfmr_29_primary,B,-3572.3556,-3644.5244,-6186.5,-6313.5
1237,R4-12-47-2_xfmr_29_sending_1,1,-59.4,-60.6,-101.8837947,-105.9622552
1238,R4-12-47-2_xfmr_29_sending_2,2,60.6,59.4,105.9622552,101.8837947
1239,R4-12-47-2_xfmr_30_primary,A,7289.0488,7144.7112,1,-1
1240,R4-12-47-2_xfmr_30_sending_1,1,121.2,118.8,1,-1
1241,R4-12-47-2_xfmr_30_sending_2,2,-118.8,-121.2,1,-1
1242,R4-12-47-2_xfmr_31_primary,A,7289.0488,7144.7112,1,-1
1243,R4-12-47-2_xfmr_31_sending_1,1,121.2,118.8,1,-1
1244,R4-12-47-2_xfmr_31_sending_2,2,-118.8,-121.2,1,-1
1245,R4-12-47-2_xfmr_32_primary,A,7289.0488,7144.7112,1,-1
1246,R4-12-47-2_xfmr_32_sending_1,1,121.2,118.8,1,-1
1247,R4-12-47-2_xfmr_32_sending_2,2,-118.8,-121.2,1,-1
1248,R4-12-47-2_xfmr_33_primary,A,7289.0488,7144.7112,1,-1
1249,R4-12-47-2_xfmr_33_sending_1,1,121.2,118.8,1,-1
1250,R4-12-47-2_xfmr_33_sending_2,2,-118.8,-121.2,1,-1
1251,R4-12-47-2_xfmr_34_primary,A,7289.0488,7144.7112,1,-1
1252,R4-12-47-2_xfmr_34_sending_1,1,121.2,118.8,1,-1
1253,R4-12-47-2_xfmr_34_sending_2,2,-118.8,-121.2,1,-1
1254,R4-12-47-2_xfmr_35_primary,B,-3572.3556,-3644.5244,-6186.5,-6313.5
1255,R4-12-47-2_xfmr_35_sending_1,1,-59.4,-60.6,-101.8837947,-105.9622552
1256,R4-12-47-2_xfmr_35_sending_2,2,60.6,59.4,105.9622552,101.8837947
1257,R4-12-47-2_xfmr_36_primary,B,-3572.3556,-3644.5244,-6186.5,-6313.5
1258,R4-12-47-2_xfmr_36_sending_1,1,-59.4,-60.6,-101.8837947,-105.9622552
1259,R4-12-47-2_xfmr_36_sending_2,2,60.6,59.4,105.9622552,101.8837947
1260,R4-12-47-2_xfmr_37_primary,B,-3572.3556,-3644.5244,-6186.5,-6313.5
1261,R4-12-47-2_xfmr_37_sending_1,1,-59.4,-60.6,-101.8837947,-105.9622552
1262,R4-12-47-2_xfmr_37_sending_2,2,60.6,59.4,105.9622552,101.8837947
1263,R4-12-47-2_xfmr_38_primary,B,-3572.3556,-3644.5244,-6186.5,-6313.5
1264,R4-12-47-2_xfmr_38_sending_1,1,-59.4,-60.6,-101.8837947,-105.9622552
1265,R4-12-47-2_xfmr_38_sending_2,2,60.6,59.4,105.9622552,101.8837947
1266,R4-12-47-2_xfmr_39_primary,C,-3572.3556,-3644.5244,6313.5,6186.5
1267,R4-12-47-2_xfmr_39_sending_1,1,-59.4,-60.6,105.9622552,101.8837947
1268,R4-12-47-2_xfmr_39_sending_2,2,60.6,59.4,-101.8837947,-105.9622552
1269,R4-12-47-2_xfmr_40_primary,C,-3572.3556,-3644.5244,6313.5,6186.5
1270,R4-12-47-2_xfmr_40_sending_1,1,-59.4,-60.6,105.9622552,101.8837947
1271,R4-12-47-2_xfmr_40_sending_2,2,60.6,59.4,-101.8837947,-105.9622552
1272,R4-12-47-2_xfmr_41_primary,C,-3572.3556,-3644.5244,6313.5,6186.5
1273,R4-12-47-2_xfmr_41_sending_1,1,-59.4,-60.6,105.9622552,101.8837947
1274,R4-12-47-2_xfmr_41_sending_2,2,60.6,59.4,-101.8837947,-105.9622552
1275,R4-12-47-2_xfmr_42_primary,C,-3572.3556,-3644.5244,6313.5,6186.5
1276,R4-12-47-2_xfmr_42_sending_1,1,-59.4,-60.6,105.9622552,101.8837947
1277,R4-12-47-2_xfmr_42_sending_2,2,60.6,59.4,-101.8837947,-105.9622552
1278,R4-12-47-2_xfmr_43_primary,C,-3572.3556,-3644.5244,6313.5,6186.5
1279,R4-12-47-2_xfmr_43_sending_1,1,-59.4,-60.6,105.9622552,101.8837947
1280,R4-12-47-2_xfmr_43_sending_2,2,60.6,59.4,-101.8837947,-105.9622552
1281,R4-12-47-2_xfmr_44_primary,B,-3572.3556,-3644.5244,-6186.5,-6313.5
1282,R4-12-47-2_xfmr_44_sending_1,1,-59.4,-60.6,-101.8837947,-105.9622552
1283,R4-12-47-2_xfmr_44_sending_2,2,60.6,59.4,105.9622552,101.8837947
1284,R4-12-47-2_xfmr_45_primary,B,-3572.3556,-3644.5244,-6186.5,-6313.5
1285,R4-12-47-2_xfmr_45_sending_1,1,-59.4,-60.6,-101.8837947,-105.9622552
1286,R4-12-47-2_xfmr_45_sending_2,2,60.6,59.4,105.9622552,101.8837947
1287,R4-12-47-2_xfmr_46_primary,B,-3572.3556,-3644.5244,-6186.5,-6313.5
1288,R4-12-47-2_xfmr_46_sending_1,1,-59.4,-60.6,-101.8837947,-105.9622552
1289,R4-12-47-2_xfmr_46_sending_2,2,60.6,59.4,105.9622552,101.8837947
1290,R4-12-47-2_xfmr_47_primary,B,-3572.3556,-3644.5244,-6186.5,-6313.5
1291,R4-12-47-2_xfmr_47_sending_1,1,-59.4,-60.6,-101.8837947,-105.9622552
1292,R4-12-47-2_xfmr_47_sending_2,2,60.6,59.4,105.9622552,101.8837947
1293,R4-12-47-2_xfmr_48_primary,B,-3572.3556,-3644.5244,-6186.5,-6313.5
1294,R4-12-47-2_xfmr_48_sending_1,1,-59.4,-60.6,-101.8837947,-105.9622552
1295,R4-12-47-2_xfmr_48_sending_2,2,60.6,59.4,105.9622552,101.8837947
1296,R4-12-47-2_xfmr_49_primary,B,-3572.3556,-3644.5244,-6186.5,-6313.5
1297,R4-12-47-2_xfmr_49_sending_1,1,-59.4,-60.6,-101.8837947,-105.9622552
1298,R4-12-47-2_xfmr_49_sending_2,2,60.6,59.4,105.9622552,101.8837947
1299,R4-12-47-2_xfmr_50_primary,A,7289.0488,7144.7112,1,-1
1300,R4-12-47-2_xfmr_50_sending_1,1,121.2,118.8,1,-1
1301,R4-12-47-2_xfmr_50_sending_2,2,-118.8,-121.2,1,-1
1302,R4-12-47-2_xfmr_51_primary,B,-3572.3556,-3644.5244,-6186.5,-6313.5
1303,R4-12-47-2_xfmr_51_sending_1,1,-59.4,-60.6,-101.8837947,-105.9622552
1304,R4-12-47-2_xfmr_51_sending_2,2,60.6,59.4,105.9622552,101.8837947
1305,R4-12-47-2_xfmr_52_primary,A,7289.0488,7144.7112,1,-1
1306,R4-12-47-2_xfmr_52_sending_1,1,121.2,118.8,1,-1
1307,R4-12-47-2_xfmr_52_sending_2,2,-118.8,-121.2,1,-1
1308,R4-12-47-2_xfmr_53_primary,C,-3572.3556,-3644.5244,6313.5,6186.5
1309,R4-12-47-2_xfmr_53_sending_1,1,-59.4,-60.6,105.9622552,101.8837947
1310,R4-12-47-2_xfmr_53_sending_2,2,60.6,59.4,-101.8837947,-105.9622552
1311,R4-12-47-2_xfmr_54_primary,A,7289.0488,7144.7112,1,-1
1312,R4-12-47-2_xfmr_54_sending_1,1,121.2,118.8,1,-1
1313,R4-12-47-2_xfmr_54_sending_2,2,-118.8,-121.2,1,-1
1314,R4-12-47-2_xfmr_55_primary,C,-3572.3556,-3644.5244,6313.5,6186.5
1315,R4-12-47-2_xfmr_55_sending_1,1,-59.4,-60.6,105.9622552,101.8837947
1316,R4-12-47-2_xfmr_55_sending_2,2,60.6,59.4,-101.8837947,-105.9622552
1317,R4-12-47-2_xfmr_56_primary,C,-3572.3556,-3644.5244,6313.5,6186.5
1318,R4-12-47-2_xfmr_56_sending_1,1,-59.4,-60.6,105.9622552,101.8837947
1319,R4-12-47-2_xfmr_56_sending_2,2,60.6,59.4,-101.8837947,-105.9622552
1320,R4-12-47-2_xfmr_57_primary,C,-3572.3556,-3644.5244,6313.5,6186.5
1321,R4-12-47-2_xfmr_57_sending_1,1,-59.4,-60.6,105.9622552,101.8837947
1322,R4-12-47-2_xfmr_57_sending_2,2,60.6,59.4,-101.8837947,-105.9622552
1323,R4-12-47-2_xfmr_58_primary,C,-3572.3556,-3644.5244,6313.5,6186.5
1324,R4-12-47-2_xfmr_58_sending_1,1,-59.4,-60.6,105.9622552,101.8837947
1325,R4-12-47-2_xfmr_58_sending_2,2,60.6,59.4,-101.8837947,-105.9622552
1326,R4-12-47-2_xfmr_59_primary,A,7289.0488,7144.7112,1,-1
1327,R4-12-47-2_xfmr_59_sending_1,1,121.2,118.8,1,-1
1328,R4-12-47-2_xfmr_59_sending_2,2,-118.8,-121.2,1,-1
1329,R4-12-47-2_xfmr_60_primary,B,-3572.3556,-3644.5244,-6186.5,-6313.5
1330,R4-12-47-2_xfmr_60_sending_1,1,-59.4,-60.6,-101.8837947,-105.9622552
1331,R4-12-47-2_xfmr_60_sending_2,2,60.6,59.4,105.9622552,101.8837947
1332,R4-12-47-2_xfmr_61_primary,C,-3572.3556,-3644.5244,6313.5,6186.5
1333,R4-12-47-2_xfmr_61_sending_1,1,-59.4,-60.6,105.9622552,101.8837947
1334,R4-12-47-2_xfmr_61_sending_2,2,60.6,59.4,-101.8837947,-105.9622552
1335,R4-12-47-2_xfmr_62_primary,A,7289.0488,7144.7112,1,-1
1336,R4-12-47-2_xfmr_62_sending_1,1,121.2,118.8,1,-1
1337,R4-12-47-2_xfmr_62_sending_2,2,-118.8,-121.2,1,-1
1338,R4-12-47-2_xfmr_63_primary,B,-3572.3556,-3644.5244,-6186.5,-6313.5
1339,R4-12-47-2_xfmr_63_sending_1,1,-59.4,-60.6,-101.8837947,-105.9622552
1340,R4-12-47-2_xfmr_63_sending_2,2,60.6,59.4,105.9622552,101.8837947
1341,R4-12-47-2_xfmr_64_primary,C,-3572.3556,-3644.5244,6313.5,6186.5
1342,R4-12-47-2_xfmr_64_sending_1,1,-59.4,-60.6,105.9622552,101.8837947
1343,R4-12-47-2_xfmr_64_sending_2,2,60.6,59.4,-101.8837947,-105.9622552
1344,R4-12-47-2_xfmr_65_primary,A,7289.0488,7144.7112,1,-1
1345,R4-12-47-2_xfmr_65_sending_1,1,121.2,118.8,1,-1
1346,R4-12-47-2_xfmr_65_sending_2,2,-118.8,-121.2,1,-1
1347,R4-12-47-2_xfmr_66_primary,B,-3572.3556,-3644.5244,-6186.5,-6313.5
1348,R4-12-47-2_xfmr_66_sending_1,1,-59.4,-60.6,-101.8837947,-105.9622552
1349,R4-12-47-2_xfmr_66_sending_2,2,60.6,59.4,105.9622552,101.8837947
1350,R4-12-47-2_xfmr_67_primary,C,-3572.3556,-3644.5244,6313.5,6186.5
1351,R4-12-47-2_xfmr_67_sending_1,1,-59.4,-60.6,105.9622552,101.8837947
1352,R4-12-47-2_xfmr_67_sending_2,2,60.6,59.4,-101.8837947,-105.9622552
1353,R4-12-47-2_xfmr_68_primary,A,7289.0488,7144.7112,1,-1
1354,R4-12-47-2_xfmr_68_sending_1,1,121.2,118.8,1,-1
1355,R4-12-47-2_xfmr_68_sending_2,2,-118.8,-121.2,1,-1
1356,R4-12-47-2_xfmr_69_primary,B,-3572.3556,-3644.5244,-6186.5,-6313.5
1357,R4-12-47-2_xfmr_69_sending_1,1,-59.4,-60.6,-101.8837947,-105.9622552
1358,R4-12-47-2_xfmr_69_sending_2,2,60.6,59.4,105.9622552,101.8837947
1359,R4-12-47-2_xfmr_70_primary,C,-3572.3556,-3644.5244,6313.5,6186.5
1360,R4-12-47-2_xfmr_70_sending_1,1,-59.4,-60.6,105.9622552,101.8837947
1361,R4-12-47-2_xfmr_70_sending_2,2,60.6,59.4,-101.8837947,-105.9622552
1362,R4-12-47-2_xfmr_71_primary,A,7289.0488,7144.7112,1,-1
1363,R4-12-47-2_xfmr_71_sending_1,1,121.2,118.8,1,-1
1364,R4-12-47-2_xfmr_71_sending_2,2,-118.8,-121.2,1,-1
1365,R4-12-47-2_xfmr_72_primary,B,-3572.3556,-3644.5244,-6186.5,-6313.5
1366,R4-12-47-2_xfmr_72_sending_1,1,-59.4,-60.6,-101.8837947,-105.9622552
1367,R4-12-47-2_xfmr_72_sending_2,2,60.6,59.4,105.9622552,101.8837947
1368,R4-12-47-2_xfmr_73_primary,C,-3572.3556,-3644.5244,6313.5,6186.5
1369,R4-12-47-2_xfmr_73_sending_1,1,-59.4,-60.6,105.9622552,101.8837947
1370,R4-12-47-2_xfmr_73_sending_2,2,60.6,59.4,-101.8837947,-105.9622552
1371,R4-12-47-2_xfmr_74_primary,A,7289.0488,7144.7112,1,-1
1372,R4-12-47-2_xfmr_74_sending_1,1,121.2,118.8,1,-1
1373,R4-12-47-2_xfmr_74_sending_2,2,-118.8,-121.2,1,-1
1374,R4-12-47-2_xfmr_75_primary,B,-3572.3556,-3644.5244,-6186.5,-6313.5
1375,R4-12-47-2_xfmr_75_sending_1,1,-59.4,-60.6,-101.8837947,-105.9622552
1376,R4-12-47-2_xfmr_75_sending_2,2,60.6,59.4,105.9622552,101.8837947
1377,R4-12-47-2_xfmr_76_primary,C,-3572.3556,-3644.5244,6313.5,6186.5
1378,R4-12-47-2_xfmr_76_sending_1,1,-59.4,-60.6,105.9622552,101.8837947
1379,R4-12-47-2_xfmr_76_sending_2,2,60.6,59.4,-101.8837947,-105.9622552
1380,R4-12-47-2_xfmr_77_primary,C,-3572.3556,-3644.5244,6313.5,6186.5
1381,R4-12-47-2_xfmr_77_sending_1,1,-59.4,-60.6,105.9622552,101.8837947
1382,R4-12-47-2_xfmr_77_sending_2,2,60.6,59.4,-101.8837947,-105.9622552
1383,R4-12-47-2_xfmr_78_primary,C,-3572.3556,-3644.5244,6313.5,6186.5
1384,R4-12-47-2_xfmr_78_sending_1,1,-59.4,-60.6,105.9622552,101.8837947
1385,R4-12-47-2_xfmr_78_sending_2,2,60.6,59.4,-101.8837947,-105.9622552
1386,R4-12-47-2_xfmr_79_primary,C,-3572.3556,-3644.5244,6313.5,6186.5
1387,R4-12-47-2_xfmr_79_sending_1,1,-59.4,-60.6,105.9622552,101.8837947
1388,R4-12-47-2_xfmr_79_sending_2,2,60.6,59.4,-101.8837947,-105.9622552
1389,R4-12-47-2_xfmr_80_primary,C,-3572.3556,-3644.5244,6313.5,6186.5
1390,R4-12-47-2_xfmr_80_sending_1,1,-59.4,-60.6,105.9622552,101.8837947
1391,R4-12-47-2_xfmr_80_sending_2,2,60.6,59.4,-101.8837947,-105.9622552
1392,R4-12-47-2_xfmr_81_primary,A,7289.0488,7144.7112,1,-1
1393,R4-12-47-2_xfmr_81_sending_1,1,121.2,118.8,1,-1
1394,R4-12-47-2_xfmr_81_sending_2,2,-118.8,-121.2,1,-1
1395,R4-12-47-2_xfmr_82_primary,C,-3572.3556,-3644.5244,6313.5,6186.5
1396,R4-12-47-2_xfmr_82_sending_1,1,-59.4,-60.6,105.9622552,101.8837947
1397,R4-12-47-2_xfmr_82_sending_2,2,60.6,59.4,-101.8837947,-105.9622552
1398,R4-12-47-2_xfmr_83_primary,A,7289.0488,7144.7112,1,-1
1399,R4-12-47-2_xfmr_83_sending_1,1,121.2,118.8,1,-1
1400,R4-12-47-2_xfmr_83_sending_2,2,-118.8,-121.2,1,-1
1401,R4-12-47-2_xfmr_84_primary,C,-3572.3556,-3644.5244,6313.5,6186.5
1402,R4-12-47-2_xfmr_84_sending_1,1,-59.4,-60.6,105.9622552,101.8837947
1403,R4-12-47-2_xfmr_84_sending_2,2,60.6,59.4,-101.8837947,-105.9622552
1404,R4-12-47-2_xfmr_85_primary,C,-3572.3556,-3644.5244,6313.5,6186.5
1405,R4-12-47-2_xfmr_85_sending_1,1,-59.4,-60.6,105.9622552,101.8837947
1406,R4-12-47-2_xfmr_85_sending_2,2,60.6,59.4,-101.8837947,-105.9622552
1407,R4-12-47-2_xfmr_86_primary,A,7289.0488,7144.7112,1,-1
1408,R4-12-47-2_xfmr_86_sending_1,1,121.2,118.8,1,-1
1409,R4-12-47-2_xfmr_86_sending_2,2,-118.8,-121.2,1,-1
1410,R4-12-47-2_xfmr_87_primary,B,-3572.3556,-3644.5244,-6186.5,-6313.5
1411,R4-12-47-2_xfmr_87_sending_1,1,-59.4,-60.6,-101.8837947,-105.9622552
1412,R4-12-47-2_xfmr_87_sending_2,2,60.6,59.4,105.9622552,101.8837947
1413,R4-12-47-2_xfmr_88_primary,C,-3572.3556,-3644.5244,6313.5,6186.5
1414,R4-12-47-2_xfmr_88_sending_1,1,-59.4,-60.6,105.9622552,101.8837947
1415,R4-12-47-2_xfmr_88_sending_2,2,60.6,59.4,-101.8837947,-105.9622552
1416,R4-12-47-2_xfmr_89_primary,A,7289.0488,7144.7112,1,-1
1417,R4-12-47-2_xfmr_89_sending_1,1,121.2,118.8,1,-1
1418,R4-12-47-2_xfmr_89_sending_2,2,-118.8,-121.2,1,-1
1419,R4-12-47-2_xfmr_90_primary,B,-3572.3556,-3644.5244,-6186.5,-6313.5
1420,R4-12-47-2_xfmr_90_sending_1,1,-59.4,-60.6,-101.8837947,-105.9622552
1421,R4-12-47-2_xfmr_90_sending_2,2,60.6,59.4,105.9622552,101.8837947
1422,R4-12-47-2_xfmr_91_primary,C,-3572.3556,-3644.5244,6313.5,6186.5
1423,R4-12-47-2_xfmr_91_sending_1,1,-59.4,-60.6,105.9622552,101.8837947
1424,R4-12-47-2_xfmr_91_sending_2,2,60.6,59.4,-101.8837947,-105.9622552
1425,R4-12-47-2_xfmr_92_primary,A,7289.0488,7144.7112,1,-1
1426,R4-12-47-2_xfmr_92_sending_1,1,121.2,118.8,1,-1
1427,R4-12-47-2_xfmr_92_sending_2,2,-118.8,-121.2,1,-1
1428,R4-12-47-2_xfmr_93_primary,B,-3572.3556,-3644.5244,-6186.5,-6313.5
1429,R4-12-47-2_xfmr_93_sending_1,1,-59.4,-60.6,-101.8837947,-105.9622552
1430,R4-12-47-2_xfmr_93_sending_2,2,60.6,59.4,105.9622552,101.8837947
1431,R4-12-47-2_xfmr_94_primary,C,-3572.3556,-3644.5244,6313.5,6186.5
1432,R4-12-47-2_xfmr_94_sending_1,1,-59.4,-60.6,105.9622552,101.8837947
1433,R4-12-47-2_xfmr_94_sending_2,2,60.6,59.4,-101.8837947,-105.9622552
1434,R4-12-47-2_xfmr_95_primary,A,7289.0488,7144.7112,1,-1
1435,R4-12-47-2_xfmr_95_sending_1,1,121.2,118.8,1,-1
1436,R4-12-47-2_xfmr_95_sending_2,2,-118.8,-121.2,1,-1
1437,R4-12-47-2_xfmr_96_primary,B,-3572.3556,-3644.5244,-6186.5,-6313.5
1438,R4-12-47-2_xfmr_96_sending_1,1,-59.4,-60.6,-101.8837947,-105.9622552
1439,R4-12-47-2_xfmr_96_sending_2,2,60.6,59.4,105.9622552,101.8837947
1440,R4-12-47-2_xfmr_97_primary,C,-3572.3556,-3644.5244,6313.5,6186.5
1441,R4-12-47-2_xfmr_97_sending_1,1,-59.4,-60.6,105.9622552,101.8837947
1442,R4-12-47-2_xfmr_97_sending_2,2,60.6,59.4,-101.8837947,-105.9622552
1443,R4-12-47-2_xfmr_98_primary,A,7289.0488,7144.7112,1,-1
1444,R4-12-47-2_xfmr_98_sending_1,1,121.2,118.8,1,-1
1445,R4-12-47-2_xfmr_98_sending_2,2,-118.8,-121.2,1,-1
1446,R4-12-47-2_xfmr_99_primary,B,-3572.3556,-3644.5244,-6186.5,-6313.5
1447,R4-12-47-2_xfmr_99_sending_1,1,-59.4,-60.6,-101.8837947,-105.9622552
1448,R4-12-47-2_xfmr_99_sending_2,2,60.6,59.4,105.9622552,101.8837947
1449,R4-12-47-2_xfmr_100_primary,C,-3572.3556,-3644.5244,6313.5,6186.5
1450,R4-12-47-2_xfmr_100_sending_1,1,-59.4,-60.6,105.9622552,101.8837947
1451,R4-12-47-2_xfmr_100_sending_2,2,60.6,59.4,-101.8837947,-105.9622552
1452,R4-12-47-2_xfmr_101_primary,A,7289.0488,7144.7112,1,-1
1453,R4-12-47-2_xfmr_101_sending_1,1,121.2,118.8,1,-1
1454,R4-12-47-2_xfmr_101_sending_2,2,-118.8,-121.2,1,-1
1455,R4-12-47-2_xfmr_102_primary,B,-3572.3556,-3644.5244,-6186.5,-6313.5
1456,R4-12-47-2_xfmr_102_sending_1,1,-59.4,-60.6,-101.8837947,-105.9622552
1457,R4-12-47-2_xfmr_102_sending_2,2,60.6,59.4,105.9622552,101.8837947
1458,R4-12-47-2_xfmr_103_primary,C,-3572.3556,-3644.5244,6313.5,6186.5
1459,R4-12-47-2_xfmr_103_sending_1,1,-59.4,-60.6,105.9622552,101.8837947
1460,R4-12-47-2_xfmr_103_sending_2,2,60.6,59.4,-101.8837947,-105.9622552
1461,R4-12-47-2_xfmr_104_primary,B,-3572.3556,-3644.5244,-6186.5,-6313.5
1462,R4-12-47-2_xfmr_104_sending_1,1,-59.4,-60.6,-101.8837947,-105.9622552
1463,R4-12-47-2_xfmr_104_sending_2,2,60.6,59.4,105.9622552,101.8837947
1464,R4-12-47-2_xfmr_105_primary,B,-3572.3556,-3644.5244,-6186.5,-6313.5
1465,R4-12-47-2_xfmr_105_sending_1,1,-59.4,-60.6,-101.8837947,-105.9622552
1466,R4-12-47-2_xfmr_105_sending_2,2,60.6,59.4,105.9622552,101.8837947
1467,R4-12-47-2_xfmr_106_primary,B,-3572.3556,-3644.5244,-6186.5,-6313.5
1468,R4-12-47-2_xfmr_106_sending_1,1,-59.4,-60.6,-101.8837947,-105.9622552
1469,R4-12-47-2_xfmr_106_sending_2,2,60.6,59.4,105.9622552,101.8837947
1470,R4-12-47-2_xfmr_107_primary,A,7289.0488,7144.7112,1,-1
1471,R4-12-47-2_xfmr_107_sending_1,1,121.2,118.8,1,-1
1472,R4-12-47-2_xfmr_107_sending_2,2,-118.8,-121.2,1,-1
1473,R4-12-47-2_xfmr_108_primary,A,7289.0488,7144.7112,1,-1
1474,R4-12-47-2_xfmr_108_sending_1,1,121.2,118.8,1,-1
1475,R4-12-47-2_xfmr_108_sending_2,2,-118.8,-121.2,1,-1
1476,R4-12-47-2_xfmr_109_primary,A,7289.0488,7144.7112,1,-1
1477,R4-12-47-2_xfmr_109_sending_1,1,121.2,118.8,1,-1
1478,R4-12-47-2_xfmr_109_sending_2,2,-118.8,-121.2,1,-1
1479,R4-12-47-2_xfmr_110_primary,A,7289.0488,7144.7112,1,-1
1480,R4-12-47-2_xfmr_110_sending_1,1,121.2,118.8,1,-1
1481,R4-12-47-2_xfmr_110_sending_2,2,-118.8,-121.2,1,-1
1482,R4-12-47-2_xfmr_111_primary,A,7289.0488,7144.7112,1,-1
1483,R4-12-47-2_xfmr_111_sending_1,1,121.2,118.8,1,-1
1484,R4-12-47-2_xfmr_111_sending_2,2,-118.8,-121.2,1,-1
1485,R4-12-47-2_xfmr_112_primary,A,7289.0488,7144.7112,1,-1
1486,R4-12-47-2_xfmr_112_sending_1,1,121.2,118.8,1,-1
1487,R4-12-47-2_xfmr_112_sending_2,2,-118.8,-121.2,1,-1
1488,R4-12-47-2_xfmr_113_primary,A,7289.0488,7144.7112,1,-1
1489,R4-12-47-2_xfmr_113_sending_1,1,121.2,118.8,1,-1
1490,R4-12-47-2_xfmr_113_sending_2,2,-118.8,-121.2,1,-1
1491,R4-12-47-2_xfmr_114_primary,B,-3572.3556,-3644.5244,-6186.5,-6313.5
1492,R4-12-47-2_xfmr_114_sending_1,1,-59.4,-60.6,-101.8837947,-105.9622552
1493,R4-12-47-2_xfmr_114_sending_2,2,60.6,59.4,105.9622552,101.8837947
1494,R4-12-47-2_xfmr_115_primary,B,-3572.3556,-3644.5244,-6186.5,-6313.5
1495,R4-12-47-2_xfmr_115_sending_1,1,-59.4,-60.6,-101.8837947,-105.9622552
1496,R4-12-47-2_xfmr_115_sending_2,2,60.6,59.4,105.9622552,101.8837947
1497,R4-12-47-2_xfmr_116_primary,B,-3572.3556,-3644.5244,-6186.5,-6313.5
1498,R4-12-47-2_xfmr_116_sending_1,1,-59.4,-60.6,-101.8837947,-105.9622552
1499,R4-12-47-2_xfmr_116_sending_2,2,60.6,59.4,105.9622552,101.8837947
1500,R4-12-47-2_xfmr_117_primary,B,-3572.3556,-3644.5244,-6186.5,-6313.5
1501,R4-12-47-2_xfmr_117_sending_1,1,-59.4,-60.6,-101.8837947,-105.9622552
1502,R4-12-47-2_xfmr_117_sending_2,2,60.6,59.4,105.9622552,101.8837947
1503,R4-12-47-2_xfmr_118_primary,B,-3572.3556,-3644.5244,-6186.5,-6313.5
1504,R4-12-47-2_xfmr_118_sending_1,1,-59.4,-60.6,-101.8837947,-105.9622552
1505,R4-12-47-2_xfmr_118_sending_2,2,60.6,59.4,105.9622552,101.8837947
1506,R4-12-47-2_xfmr_119_primary,B,-3572.3556,-3644.5244,-6186.5,-6313.5
1507,R4-12-47-2_xfmr_119_sending_1,1,-59.4,-60.6,-101.8837947,-105.9622552
1508,R4-12-47-2_xfmr_119_sending_2,2,60.6,59.4,105.9622552,101.8837947
1509,R4-12-47-2_xfmr_120_primary,B,-3572.3556,-3644.5244,-6186.5,-6313.5
1510,R4-12-47-2_xfmr_120_sending_1,1,-59.4,-60.6,-101.8837947,-105.9622552
1511,R4-12-47-2_xfmr_120_sending_2,2,60.6,59.4,105.9622552,101.8837947
1512,R4-12-47-2_xfmr_121_primary,A,7289.0488,7144.7112,1,-1
1513,R4-12-47-2_xfmr_121_sending_1,1,121.2,118.8,1,-1
1514,R4-12-47-2_xfmr_121_sending_2,2,-118.8,-121.2,1,-1
1515,R4-12-47-2_xfmr_122_primary,A,7289.0488,7144.7112,1,-1
1516,R4-12-47-2_xfmr_122_sending_1,1,121.2,118.8,1,-1
1517,R4-12-47-2_xfmr_122_sending_2,2,-118.8,-121.2,1,-1
1518,R4-12-47-2_xfmr_123_primary,A,7289.0488,7144.7112,1,-1
1519,R4-12-47-2_xfmr_123_sending_1,1,121.2,118.8,1,-1
1520,R4-12-47-2_xfmr_123_sending_2,2,-118.8,-121.2,1,-1
1521,R4-12-47-2_xfmr_124_primary,A,7289.0488,7144.7112,1,-1
1522,R4-12-47-2_xfmr_124_sending_1,1,121.2,118.8,1,-1
1523,R4-12-47-2_xfmr_124_sending_2,2,-118.8,-121.2,1,-1
1524,R4-12-47-2_xfmr_125_primary,A,7289.0488,7144.7112,1,-1
1525,R4-12-47-2_xfmr_125_sending_1,1,121.2,118.8,1,-1
1526,R4-12-47-2_xfmr_125_sending_2,2,-118.8,-121.2,1,-1
1527,R4-12-47-2_xfmr_126_primary,B,-3572.3556,-3644.5244,-6186.5,-6313.5
1528,R4-12-47-2_xfmr_126_sending_1,1,-59.4,-60.6,-101.8837947,-105.9622552
1529,R4-12-47-2_xfmr_126_sending_2,2,60.6,59.4,105.9622552,101.8837947
1530,R4-12-47-2_xfmr_127_primary,B,-3572.3556,-3644.5244,-6186.5,-6313.5
1531,R4-12-47-2_xfmr_127_sending_1,1,-59.4,-60.6,-101.8837947,-105.9622552
1532,R4-12-47-2_xfmr_127_sending_2,2,60.6,59.4,105.9622552,101.8837947
1533,R4-12-47-2_xfmr_128_primary,B,-3572.3556,-3644.5244,-6186.5,-6313.5
1534,R4-12-47-2_xfmr_128_sending_1,1,-59.4,-60.6,-101.8837947,-105.9622552
1535,R4-12-47-2_xfmr_128_sending_2,2,60.6,59.4,105.9622552,101.8837947
1536,R4-12-47-2_xfmr_129_primary,B,-3572.3556,-3644.5244,-6186.5,-6313.5
1537,R4-12-47-2_xfmr_129_sending_1,1,-59.4,-60.6,-101.8837947,-105.9622552
1538,R4-12-47-2_xfmr_129_sending_2,2,60.6,59.4,105.9622552,101.8837947
1539,R4-12-47-2_xfmr_130_primary,B,-3572.3556,-3644.5244,-6186.5,-6313.5
1540,R4-12-47-2_xfmr_130_sending_1,1,-59.4,-60.6,-101.8837947,-105.9622552
1541,R4-12-47-2_xfmr_130_sending_2,2,60.6,59.4,105.9622552,101.8837947
1542,R4-12-47-2_xfmr_131_primary,B,-3572.3556,-3644.5244,-6186.5,-6313.5
1543,R4-12-47-2_xfmr_131_sending_1,1,-59.4,-60.6,-101.8837947,-105.9622552
1544,R4-12-47-2_xfmr_131_sending_2,2,60.6,59.4,105.9622552,101.8837947
1545,R4-12-47-2_xfmr_132_primary,B,-3572.3556,-3644.5244,-6186.5,-6313.5
1546,R4-12-47-2_xfmr_132_sending_1,1,-59.4,-60.6,-101.8837947,-105.9622552
1547,R4-12-47-2_xfmr_132_sending_2,2,60.6,59.4,105.9622552,101.8837947
1548,R4-12-47-2_xfmr_133_primary,B,-3572.3556,-3644.5244,-6186.5,-6313.5
1549,R4-12-47-2_xfmr_133_sending_1,1,-59.4,-60.6,-101.8837947,-105.9622552
1550,R4-12-47-2_xfmr_133_sending_2,2,60.6,59.4,105.9622552,101.8837947
1551,R4-12-47-2_xfmr_134_primary,B,-3572.3556,-3644.5244,-6186.5,-6313.5
1552,R4-12-47-2_xfmr_134_sending_1,1,-59.4,-60.6,-101.8837947,-105.9622552
1553,R4-12-47-2_xfmr_134_sending_2,2,60.6,59.4,105.9622552,101.8837947
1554,R4-12-47-2_xfmr_135_primary,B,-3572.3556,-3644.5244,-6186.5,-6313.5
1555,R4-12-47-2_xfmr_135_sending_1,1,-59.4,-60.6,-101.8837947,-105.9622552
1556,R4-12-47-2_xfmr_135_sending_2,2,60.6,59.4,105.9622552,101.8837947
1557,R4-12-47-2_xfmr_136_primary,B,-3572.3556,-3644.5244,-6186.5,-6313.5
1558,R4-12-47-2_xfmr_136_sending_1,1,-59.4,-60.6,-101.8837947,-105.9622552
1559,R4-12-47-2_xfmr_136_sending_2,2,60.6,59.4,105.9622552,101.8837947
1560,R4-12-47-2_xfmr_137_primary,C,-3572.3556,-3644.5244,6313.5,6186.5
1561,R4-12-47-2_xfmr_137_sending_1,1,-59.4,-60.6,105.9622552,101.8837947
1562,R4-12-47-2_xfmr_137_sending_2,2,60.6,59.4,-101.8837947,-105.9622552
1563,R4-12-47-2_xfmr_138_primary,C,-3572.3556,-3644.5244,6313.5,6186.5
1564,R4-12-47-2_xfmr_138_sending_1,1,-59.4,-60.6,105.9622552,101.8837947
1565,R4-12-47-2_xfmr_138_sending_2,2,60.6,59.4,-101.8837947,-105.9622552
1566,R4-12-47-2_xfmr_139_primary,C,-3572.3556,-3644.5244,6313.5,6186.5
1567,R4-12-47-2_xfmr_139_sending_1,1,-59.4,-60.6,105.9622552,101.8837947
1568,R4-12-47-2_xfmr_139_sending_2,2,60.6,59.4,-101.8837947,-105.9622552
1569,R4-12-47-2_xfmr_140_primary,C,-3572.3556,-3644.5244,6313.5,6186.5
1570,R4-12-47-2_xfmr_140_sending_1,1,-59.4,-60.6,105.9622552,101.8837947
1571,R4-12-47-2_xfmr_140_sending_2,2,60.6,59.4,-101.8837947,-105.9622552
1572,R4-12-47-2_xfmr_141_primary,C,-3572.3556,-3644.5244,6313.5,6186.5
1573,R4-12-47-2_xfmr_141_sending_1,1,-59.4,-60.6,105.9622552,101.8837947
1574,R4-12-47-2_xfmr_141_sending_2,2,60.6,59.4,-101.8837947,-105.9622552
1575,R4-12-47-2_xfmr_142_primary,C,-3572.3556,-3644.5244,6313.5,6186.5
1576,R4-12-47-2_xfmr_142_sending_1,1,-59.4,-60.6,105.9622552,101.8837947
1577,R4-12-47-2_xfmr_142_sending_2,2,60.6,59.4,-101.8837947,-105.9622552
1578,R4-12-47-2_xfmr_143_primary,C,-3572.3556,-3644.5244,6313.5,6186.5
1579,R4-12-47-2_xfmr_143_sending_1,1,-59.4,-60.6,105.9622552,101.8837947
1580,R4-12-47-2_xfmr_143_sending_2,2,60.6,59.4,-101.8837947,-105.9622552
1581,R4-12-47-2_xfmr_144_primary,C,-3572.3556,-3644.5244,6313.5,6186.5
1582,R4-12-47-2_xfmr_144_sending_1,1,-59.4,-60.6,105.9622552,101.8837947
1583,R4-12-47-2_xfmr_144_sending_2,2,60.6,59.4,-101.8837947,-105.9622552
1584,R4-12-47-2_xfmr_145_primary,C,-3572.3556,-3644.5244,6313.5,6186.5
1585,R4-12-47-2_xfmr_145_sending_1,1,-59.4,-60.6,105.9622552,101.8837947
1586,R4-12-47-2_xfmr_145_sending_2,2,60.6,59.4,-101.8837947,-105.9622552
1587,R4-12-47-2_xfmr_146_primary,A,7289.0488,7144.7112,1,-1
1588,R4-12-47-2_xfmr_146_sending_1,1,121.2,118.8,1,-1
1589,R4-12-47-2_xfmr_146_sending_2,2,-118.8,-121.2,1,-1
1590,R4-12-47-2_xfmr_147_primary,A,7289.0488,7144.7112,1,-1
1591,R4-12-47-2_xfmr_147_sending_1,1,121.2,118.8,1,-1
1592,R4-12-47-2_xfmr_147_sending_2,2,-118.8,-121.2,1,-1
1593,R4-12-47-2_xfmr_148_primary,A,7289.0488,7144.7112,1,-1
1594,R4-12-47-2_xfmr_148_sending_1,1,121.2,118.8,1,-1
1595,R4-12-47-2_xfmr_148_sending_2,2,-118.8,-121.2,1,-1
1596,R4-12-47-2_xfmr_149_primary,A,7289.0488,7144.7112,1,-1
1597,R4-12-47-2_xfmr_149_sending_1,1,121.2,118.8,1,-1
1598,R4-12-47-2_xfmr_149_sending_2,2,-118.8,-121.2,1,-1
1599,R4-12-47-2_xfmr_150_primary,A,7289.0488,7144.7112,1,-1
1600,R4-12-47-2_xfmr_150_sending_1,1,121.2,118.8,1,-1
1601,R4-12-47-2_xfmr_150_sending_2,2,-118.8,-121.2,1,-1
1602,R4-12-47-2_xfmr_151_primary,A,7289.0488,7144.7112,1,-1
1603,R4-12-47-2_xfmr_151_sending_1,1,121.2,118.8,1,-1
1604,R4-12-47-2_xfmr_151_sending_2,2,-118.8,-121.2,1,-1
1605,R4-12-47-2_xfmr_152_primary,A,7289.0488,7144.7112,1,-1
1606,R4-12-47-2_xfmr_152_sending_1,1,121.2,118.8,1,-1
1607,R4-12-47-2_xfmr_152_sending_2,2,-118.8,-121.2,1,-1
1608,R4-12-47-2_xfmr_153_primary,A,7289.0488,7144.7112,1,-1
1609,R4-12-47-2_xfmr_153_sending_1,1,121.2,118.8,1,-1
1610,R4-12-47-2_xfmr_153_sending_2,2,-118.8,-121.2,1,-1
1611,R4-12-47-2_xfmr_154_primary,A,7289.0488,7144.7112,1,-1
1612,R4-12-47-2_xfmr_154_sending_1,1,121.2,118.8,1,-1
1613,R4-12-47-2_xfmr_154_sending_2,2,-118.8,-121.2,1,-1
1614,R4-12-47-2_xfmr_155_primary,A,7289.0488,7144.7112,1,-1
1615,R4-12-47-2_xfmr_155_sending_1,1,121.2,118.8,1,-1
1616,R4-12-47-2_xfmr_155_sending_2,2,-118.8,-121.2,1,-1
1617,R4-12-47-2_xfmr_156_primary,A,7289.0488,7144.7112,1,-1
1618,R4-12-47-2_xfmr_156_sending_1,1,121.2,118.8,1,-1
1619,R4-12-47-2_xfmr_156_sending_2,2,-118.8,-121.2,1,-1
1620,R4-12-47-2_xfmr_157_primary,A,7289.0488,7144.7112,1,-1
1621,R4-12-47-2_xfmr_157_sending_1,1,121.2,118.8,1,-1
1622,R4-12-47-2_xfmr_157_sending_2,2,-118.8,-121.2,1,-1
1623,R4-12-47-2_xfmr_158_primary,A,7289.0488,7144.7112,1,-1
1624,R4-12-47-2_xfmr_158_sending_1,1,121.2,118.8,1,-1
1625,R4-12-47-2_xfmr_158_sending_2,2,-118.8,-121.2,1,-1
1626,R4-12-47-2_xfmr_159_primary,A,7289.0488,7144.7112,1,-1
1627,R4-12-47-2_xfmr_159_sending_1,1,121.2,118.8,1,-1
1628,R4-12-47-2_xfmr_159_sending_2,2,-118.8,-121.2,1,-1
1629,R4-12-47-2_xfmr_160_primary,A,7289.0488,7144.7112,1,-1
1630,R4-12-47-2_xfmr_160_sending_1,1,121.2,118.8,1,-1
1631,R4-12-47-2_xfmr_160_sending_2,2,-118.8,-121.2,1,-1
1632,R4-12-47-2_xfmr_161_primary,A,7289.0488,7144.7112,1,-1
1633,R4-12-47-2_xfmr_161_sending_1,1,121.2,118.8,1,-1
1634,R4-12-47-2_xfmr_161_sending_2,2,-118.8,-121.2,1,-1
1635,R4-12-47-2_xfmr_162_primary,A,7289.0488,7144.7112,1,-1
1636,R4-12-47-2_xfmr_162_sending_1,1,121.2,118.8,1,-1
1637,R4-12-47-2_xfmr_162_sending_2,2,-118.8,-121.2,1,-1
1638,R4-12-47-2_xfmr_163_primary,A,7289.0488,7144.7112,1,-1
1639,R4-12-47-2_xfmr_163_sending_1,1,121.2,118.8,1,-1
1640,R4-12-47-2_xfmr_163_sending_2,2,-118.8,-121.2,1,-1
1641,R4-12-47-2_xfmr_164_primary,A,7289.0488,7144.7112,1,-1
1642,R4-12-47-2_xfmr_164_sending_1,1,121.2,118.8,1,-1
1643,R4-12-47-2_xfmr_164_sending_2,2,-118.8,-121.2,1,-1
1644,R4-12-47-2_xfmr_165_primary,A,7289.0488,7144.7112,1,-1
1645,R4-12-47-2_xfmr_165_sending_1,1,121.2,118.8,1,-1
1646,R4-12-47-2_xfmr_165_sending_2,2,-118.8,-121.2,1,-1
1647,R4-12-47-2_xfmr_166_primary,A,7289.0488,7144.7112,1,-1
1648,R4-12-47-2_xfmr_166_sending_1,1,121.2,118.8,1,-1
1649,R4-12-47-2_xfmr_166_sending_2,2,-118.8,-121.2,1,-1
1650,R4-12-47-2_xfmr_167_primary,A,7289.0488,7144.7112,1,-1
1651,R4-12-47-2_xfmr_167_sending_1,1,121.2,118.8,1,-1
1652,R4-12-47-2_xfmr_167_sending_2,2,-118.8,-121.2,1,-1
1653,R4-12-47-2_xfmr_168_primary,A,7289.0488,7144.7112,1,-1
1654,R4-12-47-2_xfmr_168_sending_1,1,121.2,118.8,1,-1
1655,R4-12-47-2_xfmr_168_sending_2,2,-118.8,-121.2,1,-1
1656,R4-12-47-2_xfmr_169_primary,A,7289.0488,7144.7112,1,-1
1657,R4-12-47-2_xfmr_169_sending_1,1,121.2,118.8,1,-1
1658,R4-12-47-2_xfmr_169_sending_2,2,-118.8,-121.2,1,-1
1659,R4-12-47-2_xfmr_170_primary,B,-3572.3556,-3644.5244,-6186.5,-6313.5
1660,R4-12-47-2_xfmr_170_sending_1,1,-59.4,-60.6,-101.8837947,-105.9622552
1661,R4-12-47-2_xfmr_170_sending_2,2,60.6,59.4,105.9622552,101.8837947
1662,R4-12-47-2_xfmr_171_primary,B,-3572.3556,-3644.5244,-6186.5,-6313.5
1663,R4-12-47-2_xfmr_171_sending_1,1,-59.4,-60.6,-101.8837947,-105.9622552
1664,R4-12-47-2_xfmr_171_sending_2,2,60.6,59.4,105.9622552,101.8837947
1665,R4-12-47-2_xfmr_172_primary,B,-3572.3556,-3644.5244,-6186.5,-6313.5
1666,R4-12-47-2_xfmr_172_sending_1,1,-59.4,-60.6,-101.8837947,-105.9622552
1667,R4-12-47-2_xfmr_172_sending_2,2,60.6,59.4,105.9622552,101.8837947
1668,R4-12-47-2_xfmr_173_primary,B,-3572.3556,-3644.5244,-6186.5,-6313.5
1669,R4-12-47-2_xfmr_173_sending_1,1,-59.4,-60.6,-101.8837947,-105.9622552
1670,R4-12-47-2_xfmr_173_sending_2,2,60.6,59.4,105.9622552,101.8837947
1671,R4-12-47-2_xfmr_174_primary,B,-3572.3556,-3644.5244,-6186.5,-6313.5
1672,R4-12-47-2_xfmr_174_sending_1,1,-59.4,-60.6,-101.8837947,-105.9622552
1673,R4-12-47-2_xfmr_174_sending_2,2,60.6,59.4,105.9622552,101.8837947
1674,R4-12-47-2_xfmr_175_primary,B,-3572.3556,-3644.5244,-6186.5,-6313.5
1675,R4-12-47-2_xfmr_175_sending_1,1,-59.4,-60.6,-101.8837947,-105.9622552
1676,R4-12-47-2_xfmr_175_sending_2,2,60.6,59.4,105.9622552,101.8837947
1677,R4-12-47-2_xfmr_176_primary,B,-3572.3556,-3644.5244,-6186.5,-6313.5
1678,R4-12-47-2_xfmr_176_sending_1,1,-59.4,-60.6,-101.8837947,-105.9622552
1679,R4-12-47-2_xfmr_176_sending_2,2,60.6,59.4,105.9622552,101.8837947
